pairId:INTEGER,sephora.id:INTEGER,sephora.variation_value:TEXT,sephora.display_name:TEXT,sephora.brand_name:TEXT,sephora.sku_size:TEXT,sephora.list_price:TEXT,sephora.product_url:TEXT,amazon.id:INTEGER,amazon.productTitle:TEXT,amazon.brand:TEXT,amazon.priceblock_ourprice:TEXT,amazon.url:TEXT,label:INTEGER
4107,118,,Bamboo® Smooth Kendi Dry Oil Micromist,ALTERNA,5 oz,25,/bamboo-smooth-kendi-dry-oil-micromist-P378840,219,"ALTERNA BAMBOO Smooth Anti-Frizz Shampoo, 8.5 fl oz",Alterna,"$15.25",B0045WFN56.html,0
46341,2858,,Rose Stem Cell Bio-Repair Gel Mask,Peter Thomas Roth,5 oz,45,/rose-stem-cell-bio-repair-gel-mask-P386377,14188,Peter Thomas Roth Rose Stem Cell Bio-Repair Cleansing Gel-8.5 oz.,Peter Thomas Roth,"$25.50",B00JVKO3SK.html,0
37116,1917,,Argan Hot Oil Self-Heating Hair Treatment,Josie Maran,5 x 0.34 oz,36,/argan-hot-oil-self-heating-hair-treatment-P375107,11678,"Josie Maran Whipped Argan Oil Body Butter 2.0 Fl. Oz (Golden Opal Radiance, Vanilla Peach)",Josie Maran Cosmetics,"$16.08",B00JGZALH2.html,0
11600,718,3.4 oz,Divine Oil,Caudalie,3.4 oz,49,/divine-oil-P374502,14487,"Caudalie Vinotherapie Divine Oil, 3.4 Ounce",CAUDALIE,"$49.00",B0083S3MYC.html,1
14407,1075,Pink,Dior Addict Lip Glow,Dior,0.12 oz,33,/dior-addict-lip-glow-P236816,3836,Christian Dior Hydra Life Youth Essential Hydrating Essence-in-Gel 1.7 oz,Skincare,"$77.77",B002DQOTDI.html,0
22454,1543,,Armani Code After Shave Lotion,Giorgio Armani,3.4 oz,51,/armani-code-after-shave-lotion-P380557,10132,"Giorgio Armani 'Lasting Silk' Uv Compact Foundation SPF 35 - 3.5 Pale Beige, (BNIB)",GIORGIO ARMANI,"$59.00",B004EHM2V0.html,0
4588,144,,Moisture Bound Lip Treatment,AmorePacific,0.34 oz,35,/moisture-bound-lip-treatment-P232932,418,AmorePacific Moisture Bound Refreshing Hydra-Gel Oil-Free 1.7 oz,Amore Pacific,"$139.20",B001VBH6P4.html,0
11198,699,1.6 oz Eau de Toilette Spray,Baiser Volé Lys Rose,Cartier,1.6 oz,88,/baiser-vole-lys-rose-P389610,5177,Cartier Baiser Vole .05 oz / 1.5 ml Eau de Parfum Vial Spray Sampler,Chunkaew,"$2.99",B00EOOWOW0.html,0
30303,1802,1.7 oz Eau de Parfum Spray,I LOVE NEW YORK for Him,I LOVE NEW YORK by Bond No. 9,1.7 oz,105,/i-love-new-york-for-him-P378065,11500,"Love of Pink By Lacoste Body Lotion, 5-Ounce",Lacoste,"$19.19",B002GMDXXG.html,0
6189,252,Body Lotion,Balenciaga Paris Body Lotion,BALENCIAGA,6.7 oz,52,/balenciaga-paris-bath-body-collection-P373101,1803,"Balenciaga Florabotanica Eau de Parfum Spray, 1 Ounce",Balenciaga,"$50.95",B008SBGSGI.html,0
4493,126,,Anti Aging Face Primer,Amazing Cosmetics,1 oz,34,/anti-aging-face-primer-P270801,3044,"DoktorDerma SKINDOKTOR Extraordinary Youth Serum + 1 DoktorDerma Titanium Micro Needles Roller - All our products are especially formulated, prepared and bottled for you when your order is placed. FREE SHIPPING. Get yours in a few days with TNT Express Int. - For every 2 items ordered get a FREE full size vial of our most exclusive Quintessential Serum MAXIMUS AETERNUM shot. FOLLOW DOKTORDERMA ON TWITTER AND FB AND CHECK OUT OUR AMAZING REVIEWS FROM PEOPLE LIKE YOU! Voted ALLURE MAGAZINE BEST ANTI-AGING BREAKTHROUGH - Hollywood's &quot;Fountain Of Youth&quot; INSTANT Anti Wrinkle &quot;Face Lift In a Bottle&quot; 10ml Luxury Vial [Botox Alternati",DoktorDerma,"$194.00",B00MG3CMTG.html,0
49228,3041,0.34 oz Eau de Toilette Rollerball,Big Pony Women's Collection #,Ralph Lauren,0.34 oz,19,/big-pony-women-s-collection-3-rollerball,11450,"Ralph Lauren The Big Pony Collection #1 Eau de Toilette Spray for Women, 1.7 Ounce",RALPH LAUREN,"$52.11",B007SYXO6S.html,0
43943,2429,,Acne Spot Fast Fix,Murad,0.5 oz,16,/acne-spot-fast-fix-P385326,1372,Murad Acne Treatment Concealer (Medium),Murad,"$17.80",B001QTS6M8.html,0
12414,884,,Deep Pore Daily Cleanser,Clarisonic,6 oz,27,/deep-pore-daily-cleanser-P381304,15245,Clarisonic Mia 2 Deep Pore Detoxifying Solution System Kit,Clarisonic,"$152.10",B00DJ558L4.html,0
23627,1617,1.6 oz Eau de Toilette Spray,Guilty Pour Homme,Gucci,1.6 oz,64,/guilty-pour-homme-P285804,8202,GUCCI POUR HOMME Men Mini Perfume Eau de Toilette .17oz,Gucci,"$19.00",B000KGTQCC.html,0
20537,1278,01 Light-Medium,Water Fuse Smart Gel BB,Dr. Jart+,1 oz,36,/water-fuse-smart-gel-bb-P377560,6600,Dr. Jart+ Water Fuse Water-Full Hydrogel Mask 5 single-use masks,Skin Care,"$48.95",B009GZ3U3O.html,0
44302,2487,,for her Body Lotion,Narciso Rodriguez,6.7 oz,54,/for-her-body-lotion-P380581,16738,"Narciso Rodriguez L'eau for Her Eau de Toilette Spray, 1 Ounce",Narciso Rodriguez,"$38.26",B00BB5RTH0.html,0
25246,1637,Perfumed Body Lotion,Flora By Gucci Perfumed Body Lotion,Gucci,6.7 oz,51,/flora-by-gucci-perfumed-body-lotion-P306837,3952,"Envy Me By Gucci For Women, Body Lotion, 6.7-Ounce Bottle",Gucci,"$51.24",B000VOHQB6.html,1
38286,1930,1.7 oz Eau de Parfum ,Couture La La,Juicy Couture,1.7 oz,72,/couture-la-la-P377557,4478,Givenchy Ombre Couture Cream Eyeshadow # 6 Kaki Brocart 4G/0.14Oz,Givenchy,"$18.00",B00IJ7CII8.html,0
43166,2370,1.7 oz Eau de Parfum Spray,Daisy Eau de Parfum,Marc Jacobs Fragrance,1.7 oz,85,/daisy-eau-de-parfum-P223807,12825,Marc Jacobs Daisy Eau De Parfum Spray - 50ml/1.7oz,MARC JACOBS,"$66.50",B002CTB6MS.html,1
15228,1091,1.7 oz Eau de Toilette Spray,Miss Dior Blooming Bouquet,Dior,1.7 oz,75,/miss-dior-blooming-bouquet-P385477,10157,Christian Dior Rouge Dior Couture Colour Voluptuous Care - # 434 Brun Samarcande 3.5g/0.12oz,Christian Dior,"$28.99",B00HXLER8A.html,0
38557,1932,2 x 0.17 oz Eau de Parfum Rollerball,Viva La Juicy and Viva La Juicy Gold Couture Dual Rollerball,Juicy Couture,2 x 0.17 oz,25,/viva-la-juicy-viva-la-juicy-gold-couture-dual-rollerball-P387941,5699,"Yves Saint Laurent Rouge Pur Couture Pure Color Satiny Radiance Lipstick, Rose Stiletto, 0.1 Ounce",Yves Saint Laurent,"$39.50",B0051SZ7JK.html,0
46276,2846,,Therapeutic Sulfur Masque Acne Treatment Masque,Peter Thomas Roth,5 oz,40,/therapeutic-sulfur-masque-acne-treatment-masque-P3617,770,"Peter Lamas Lash Masque Natural Lash Builder, Tint &amp; Conditioner, 0.15 fl oz",Peter Lamas,"$19.00",B000J4N78O.html,0
5654,231,0.25 oz Eau de Toilette Travel Spray,Orange Sanguine Cologne Absolue Travel Spray,Atelier Cologne,0.25 oz,25,/orange-sanguine-cologne-absolue-travel-spray-P379039,13819,Atelier Cologne Collection Absolue - Five Petites Colognes Absolues,Atelier Cologne,"$275.00",B008IS7H3E.html,0
47259,2952,,Phyto 9 Ultra-Dry Hair Nourishing Day Cream With 9 Plants,Phyto,1.7 oz,28,/phyto-9-ultra-dry-hair-nourishing-day-cream-with-9-plants-P2891,16877,Sisley by Sisley Phyto Ombre Eclat Eyeshadow - # 15 Midnight Blue --1.5g/0.05oz (Package of 4),Sisley,"$155.78",B00HLRBRZM.html,0
37149,1917,,Argan Hot Oil Self-Heating Hair Treatment,Josie Maran,5 x 0.34 oz,36,/argan-hot-oil-self-heating-hair-treatment-P375107,16993,Josie Maran Bohemian Waves Argan Hair Mist Texture Volume &amp; Moisture 4 oz,Josie Maran,"$36.99",B007PCQYUG.html,0
36055,1902,2 oz,Argan Oil Hair Serum,Josie Maran,2 oz,30,/argan-oil-hair-serum-P256603,1620,Josie Maran Argan Matchmaker Serum Foundation Light/ Medium,Josie Maran,"$54.95",B004HI5H4U.html,0
5194,214,,Shaving Cream - Sandalwood,The Art of Shaving,5 oz,25,/shaving-cream-sandalwood-P225341,13462,Acqua Di Parma Collezione Barbiere Shaving Cream 4.4 Oz,Acqua Di Parma,"$109.00",B00OF51MAI.html,0
39154,1937,,Juicy Couture Scrub,Juicy Couture,10 oz,45,/juicy-couture-scrub-P380534,10494,Viva La Juicy Gold Couture Eau De Parfum 3.4fl. Oz. 100ml,Juicy Couture,"$84.04",B00KYAYL2E.html,0
1710,35,Sublime Body Cream,Magnolia Nobile Sublime Body Cream,Acqua Di Parma,5.25 oz,92,/magnolia-nobile-sublime-body-cream-P306862,12487,Acqua Di Parma Iris Nobile 6.7 oz / 200 ml Body Lotion,Acqua Di Parma Iris Nobile Body Lotion,"$78.00",B00BSGATOW.html,0
39677,1940,2.5 oz Eau de Toilette Spray,Couture La La Malibu,Juicy Couture,2.5 oz,72,/couture-la-la-malibu-P385165,15467,Richard Ward Couture Hair VoluMoist Shampoo 300ml,BeautyLand,"$68.00",B00B4S3PMM.html,0
43224,2372,0.33 oz Eau de Parfum Rollerball,Honey Rollerball,Marc Jacobs Fragrance,0.33 oz,24,/honey-rollerball-P381154,3829,Marc Jacobs Fragrance Honey Rollerball 0.24 oz Eau de Parfum Rollerball Fragrance for Women,MARC JACOBS,"$30.96",B00EKIHYZW.html,0
17483,1129,0.34 oz Eau de Parfum Rollerball,DKNY MYNY Rollerball,DKNY,0.34 oz,24,/dkny-myny-rollerball-P387550,12457,Dkny Be Delicious Variety By Donna Karan Gift Set For Women 4 Piece Mini Variety With Dkny Be Delicious Nyc &amp; Rio &amp; Paris &amp; London And All Are Eau De Parfum .24 Oz Minis,Donna Karan,"$38.00",B00DW8DF36.html,0
7464,269,Faux Tan,bareMinerals All-Over Face Color,bareMinerals,0.05 oz,19,/P158509,6745,BareMinerals Pretty Amazing Lipcolor - Free Will by Bare Escentuals - 12240193702,Bare Escentuals,"$14.99",B0091TBHHQ.html,0
35342,1890,2.5 oz Eau de Toilette Spray,John Varvatos,John Varvatos,2.5 oz,64,/john-varvatos-P66724,16797,"John Varvatos Artisan Black Men Giftset (Eau De Toilette Spray, After Shave Gel, Hair and Body Wash, Travel Toiletry Bag)",John Varvatos,"$61.50",B0084DLE7I.html,0
2271,40,,Blu Mediterraneo Mirto Di Panarea Body Lotion,Acqua Di Parma,6.7 oz,73,/blu-mediterraneo-mirto-di-panarea-P373505,15876,"Giorgio Armani Aqua Di Gioia Eau Fraiche EDT Spray for Women, 1.7 Ounce",GIORGIO ARMANI,"$49.70",B003HUP2H6.html,0
42198,2261,0.32 oz Eau de Parfum Rollerball,Vanilla Summer,LAVANILA,0.32 oz,19,/vanilla-summer-roller-ball-P386342,12947,Lavanila The Healthy Body Butter- Vanilla Coconut,Lavanila,"$19.00",B00FSD412C.html,0
27076,1669,,Météorites Perles du Paradise,Guerlain,1.86 oz,70,/meteorites-perles-du-paradise-P377700,1688,Guerlain Meteorites Perles Light-Diffusing Perfecting Primer 30ml/1.0oz,Guerlain,"$67.38",B003BISPXW.html,0
53553,3491,Hand Milk,Stella Latte Da Mano Hand Milk,Tocca Beauty,8 oz,20,/stella-latte-da-mano-h-milk-P385655,12770,Tocca Eau De Parfum - Stella - 1.70 fl oz,Tocca,"$68.00",B004IP9518.html,0
26730,1660,01 Light,Terracotta Spray SPF 10,Guerlain, 2.7 oz,62,/terracotta-spray-spf-10-P175200,6684,Terracotta Bronzing Powder ( Moisturising &amp; Long Lasting ) - No. 01 - Guerlain - Powder - Terracotta Bronzing Powder ( Moisturising &amp; Long Lasting ) - 10g/0.35oz,Guerlain,"$53.62",B0056IJDUO.html,0
49255,3043,1.7 oz Eau de Toilette Spray,Big Pony Women's Collection #1,Ralph Lauren,1.7 oz,56,/big-pony-womens-collection-1-P310008,6506,"Ralph Lauren The Big Pony Collection # 3 Eau de Toilette Spray for Women, 3.4 Ounce",RALPH LAUREN,"$58.99",B007Q1MKWC.html,0
49592,3096,Minted Rose Lip Balm,Minted Rose Lip Balm,Rosebud Perfume Co.,0.8 oz,7,/minted-rose-lip-balm-P164932,8522,(3 Pack) Rosebud Minted Rose Lip Balm Tube - Minted Rose,Rosebud Perfume Co.,"$22.84",B00JZ5FCEU.html,0
1871,37,,Blu Mediterraneo Arancia Di Capri Body Lotion,Acqua Di Parma,6.7 oz,73,/blu-mediterraneo-arancia-di-capri-body-lotion-P373501,7952,Acqua Di Parma - Blu Mediterraneo Mirto Di Panarea Regenerating Body Lotion 200ml/6.7oz,Acqua Di Parma,"$59.03",B00D58J0FK.html,1
20247,1244,,Alpha Beta® Glow Pad™ For Body With Active Vitamin D,Dr. Dennis Gross Skincare,8 Towelettes,45,/alpha-beta-glow-pad-for-body-with-active-vitamin-d-P309104,7866,Dr. Jart For Men Active Skin Essence,Dr. Jart,"$31.85",B005H3BAS6.html,0
36443,1907,Argan Illuminizer,Argan Illuminizer,Josie Maran,1 oz,28,/argan-illuminizer-P281607,16788,Josie Maran Argan Triple Volume Mascara Travel Size 0.11-oz,Josie Maran,"$7.27",B00CPSUUXM.html,0
24908,1632,1.6 oz Eau de Toilette Spray,Guilty Intense Pour Homme,Gucci,1.6 oz,68,/guilty-intense-pour-homme-P297905,12901,Gucci Guilty Intense Gift Set,Gucci,"$115.25",B00CH17ZCQ.html,0
9161,464,,Copper Diamond Shimmer Brick ,Bobbi Brown,0.40 oz,45,/copper-diamond-shimmer-brick-P390419,14339,Bobbi Brown Shimmer Brick Eye Palette - Raw Sugar - (0.14 oz),Bobbi Brown,"$44.90",B00IN7PT4E.html,0
43042,2367,0.24 oz Eau de Toilette Rollerball,Daisy,Marc Jacobs Fragrance,0.24 oz,24,/daisy-rollerball-P377464,11780,Marc Jacobs Daisy Eau So Fresh By Marc Jacobs Edt Spray 2.5 Oz,MARC JACOBS,"$59.49",B00H8QZNG0.html,0
30264,1802,1.7 oz Eau de Parfum Spray,I LOVE NEW YORK for Him,I LOVE NEW YORK by Bond No. 9,1.7 oz,105,/i-love-new-york-for-him-P378065,4643,"Diane Von Furstenberg LOVE DIANE Eau de Parfum Spray, 1 Ounce",Diane von Furstenberg,"$9.00",B00960YWQI.html,0
26589,1657,Gilda 27,Rouge G de Guerlain Jewel Lipstick Compact,Guerlain,0.12,51,/rouge-g-de-guerlain-jewel-lipstick-compact-P236400,2474,"GUERLAIN SHALIMAR Initial Women Eau De Parfum Spray, 2 Ounce",Guerlain,"$42.76",B005ASPCIW.html,0
49700,3110,4.2 oz ,Waterproof Eye Makeup Remover,SEPHORA COLLECTION,4.2 oz ,10.5,/waterproof-eye-makeup-remover-P276319,5604,"Sephora + Pantone Universe Graphic Etch Waterproof Eyeliner Limited-Edition Emerald, NEW!",Sephora,"$24.00",B00EU9WIH0.html,0
52210,3414,Medium brown,Colored Clay Tinted Brow Gel,tarte,0.14 oz,21,/colored-clay-tinted-brow-gel-P385753,6173,Tarte Amazonian Clay Full Coverage Airbrush Foundation Fair Honey 0.247 oz,Tarte,"$19.49",B00DY4MJJO.html,0
10898,688,2 oz Eau de Parfum Spray,212 Sexy,Carolina Herrera,2 oz,73,/212-sexy-P80002,12417,212 By Carolina Herrera For Men. Eau De Toilette Spray 3.4 Ounces,Carolina Herrera,"$55.74",B0009OAHKA.html,0
25422,1638,0.25 oz Eau de Toilette Spray,Flora By Gucci Eau de Toilette,Gucci,0.25 oz,27,/flora-by-gucci-eau-de-toilette-travel-spray-P377468,9139,Gucci By Gucci by Gucci for Women. Eau De Toilette Spray 1.7-Ounces,Gucci,"$37.91",B0020MMDSI.html,0
55362,3691,,Sweet Almond Mint Anti-Frizz Styling Cream,WEN® by Chaz Dean,4 oz,28,/sweet-almond-mint-anti-frizz-styling-cream-P389327,2867,"Wen Sweet Almond Mint Cleansing Conditioner, 32oz",WEN® by Chaz Dean,"$51.85",B001800I44.html,0
3360,96,,Caviar Anti-Aging Brightening Blonde Shampoo,ALTERNA,8.5 oz,36,/caviar-anti-aging-brightening-blonde-shampoo-P374563,2852,"Alterna Caviar Anti Aging Bodybuilding Volume Shampoo, 8.5 Ounce",Alterna,"$19.96",B007MI4O0A.html,1
28777,1783,1.6 oz Eau de Toilette Spray,BOSS BOTTLED NIGHT,Hugo Boss,1.6 oz,60,/boss-bottled-night-P376950,12218,BOBBI BOSS Premium Fiber Wig DIOR M359 (#4MF12/6127),BOBBI BOSS,"$33.99",B00CLRVOTG.html,0
24358,1625,3.3 oz Eau de Toilette Spray,Pour Homme II,Gucci,3.3 oz,80,/pour-homme-ii-P180726,4079,Gucci Guilty Pour Homme Gift Set Gucci Guilty Pour Homme By Gucci/FN226635/3 oz/men/,Gucci,"$69.99",B00HAGJPUI.html,0
33997,1820,,L'Eau d'Issey Pour Homme Soothing After-Shave Balm,Issey Miyake,3.3 oz,55,/l-eau-d-issey-pour-homme-soothing-after-shave-balm-P380590,7884,L'eau Bleue D'issey Pour Homme By Issey Miyake For Men. Eau De Toilette Spray 2.5 Ounces,Issey Miyake,"$32.36",B000C1Z6G0.html,0
36512,1909,Black,Argan Black Oil Mascara,Josie Maran,0.27 oz,22,/argan-black-oil-mascara-P387636,14585,Josie Maran Whipped Argan Oil Intensive Hand Cream in Unscented (4.6 Fluid Ounces),Josie Maran,"$44.99",B00IJEZRMU.html,0
32304,1808,1.7 oz Eau de Parfum Spray,I LOVE NEW YORK for Mothers,I LOVE NEW YORK by Bond No. 9,1.7 oz,105,/i-love-new-york-for-mothers-P378068,12683,KENNETH COLE BLACK by Kenneth Cole EAU DE PARFUM SPRAY 3.4 OZ,Kenneth Cole New York,"$79.99",B004FB00UK.html,0
1291,27,4.2 oz Eau de Toilette Spray,Acqua Nobile Gelsomino,Acqua Di Parma,4.2 oz,174,/acqua-nobile-gelsomino-P378877,14521,Acqua Di Parma Gelsomino Nobile by Acqua Di Parma 5.25 oz Radiant Body Cream,Acqua Di Parma,"$79.24",B0063I3PE6.html,0
45741,2789,,Pink Gel Coat,Perfect Formula,0.6 oz,30,/pink-gel-coat-P269618,1023,Perfect Formula (Pink Gel Coat .17 fl Oz. Travel Size),Pefect Formula,"$19.95",B007HQZ8XO.html,0
46446,2865,1 oz Eau de Parfum Spray,Prada Amber,Prada,1 oz,64,/prada-P76001,8395,Prada Amber Pour Homme Coffe,Prada,"$76.91",B00FBCVIZS.html,1
39881,1951,,Julep Plié Wand™ Precision Brus,Julep,5 x replacement caps,12,/julep-plie-wand-precision-brush-5-pack-P386807,1299,Julep Oxygen Performance Top Coat,Julep,"$14.50",B00KWCKOAC.html,0
34296,1825,4.2 oz Eau de Toilette Spray,L'Eau D'Issey Pour Homme Summer,Issey Miyake,4.2 oz,66,/l-eau-d-issey-pour-homme-summer-P386451,10052,Issey Miyake L'Eau d'Issey 0.2 oz Eau de Toilette Rollerball,Issey Miyake,"$42.50",B00BOJICQ0.html,0
23993,1620,1.7 oz Eau de Toilette Spray,Gucci By Gucci Pour Homme,Gucci,1.7 oz,61,/gucci-by-gucci-pour-homme-P224900,10579,Gucci by Gucci Pour Homme Sport by Gucci for Men - 3 Ounce EDT Spray,Gucci,"$50.83",B003FTWI8K.html,0
39062,1936,,Juicy Couture Body Creme,Juicy Couture,6.7 oz,55,/juicy-couture-body-creme-P380535,5198,Yves Saint Laurent Rouge Pur Couture Vernis A Levres Glossy Stain Trio 3 Colors &amp; Applicator Brush,Yves Saint Laurent,"$7.24",B00ENNIDJK.html,0
40587,2082,,Wild Rose 24-Hour Moisturizing & Brightening Cream ,Korres,1.35 oz,38,/wild-rose-24-hour-moisturizing-brightening-cream-P61805,10411,Korres Wild Rose Brightening Flawless Finish Compact Powder - WRP1,Korres,"$6.73",B002099C2G.html,0
31357,1805,1.7 oz Eau de Parfum Spray,I LOVE NEW YORK for Marriage Equality,I LOVE NEW YORK by Bond No. 9,1.7 oz,105,/i-love-new-york-for-marriage-equality-P378070,11344,"Maybelline New York Volum' Express Falsies Flared Washable Mascara, Very Black 287, 0.31-fluid Ounce",Maybelline,"$5.99",B004Y9M740.html,0
47786,2989,0.34 oz Eau de Toilette Roll-On,Pink Sugar,Pink Sugar,0.34 oz,20,/pink-sugar-rollerball-P377495,12748,L. Erickson USA 1/2&quot; Ultracomfort Headband - Bucol Sugar Pink 100% Silk Print,L. Erickson USA,"$42.00",B00155RM0A.html,0
29407,1799,3.3 oz Eau de Parfum Spray,I LOVE NEW YORK for All Limited Edition with Necklace and Black Heart,I LOVE NEW YORK by Bond No. 9,3.3 oz,255,/i-love-new-york-for-all-with-necklace-black-heart-P378197,15018,"Anna Sui Rock Me Summer of Love By Anna Sui For Women Eau De Toilette Spray, 1.7-Ounce / 50 Ml",Anna Sui,"$21.49",B003FZ7HQC.html,0
27941,1719,1 oz Eau de Parfum Spray,Hanae Mori Butterfly Eau de Parfum,Hanae Mori,1 oz,72,/hanae-mori-butterfly-eau-de-parfum-P12564,17074,Hanae Mori By Hanae Mori For Men. Eau De Toilette Spray 1.7 Ounces,Hanae Mori,"$23.37",B000GI0O6G.html,0
42836,2354,146 Cabaret,Lovemarc Lip Gel  Cabaret,Marc Jacobs Beauty, 0.12 oz,30,/lovemarc-lip-gel-cabaret-P387675,3139,Lovemarc - Lip Gel Marc Jacobs Beauty 0.12 Oz Little Pretty - Shimmering Berry Purple | NEW,Marc Jacobs Beauty,"$42.29",B00EKQJYUM.html,0
4938,168,,Anna Sui Travel Purse Spray Trio,Anna Sui,3 x 0.5 oz,49,/travel-purse-spray-duo-P382554,5095,Anna Sui Hair Brush [Brosse a Cheveux],Anna Sui,"$38.00",B000FJ69LU.html,0
10485,658,1.7 oz Eau de Toilette Spray,AQVA pour Homme Marine,Bvlgari,1.7 oz,62,/aqva-pour-homme-marine-P211369,2184,Bvlgari Pour Femme Eau de Parfum-3.4 oz,BVLGARI,"$52.95",B001B7MAZ4.html,0
54781,3664,,Flowerbomb Hair Mist,Viktor & Rolf,1 oz,45,/flowerbomb-mist-P377803,7665,"Flowerbomb By Viktor &amp; Rolf Body Lotion, 6.7-Ounce",Viktor & Rolf,"$63.94",B001RVIHXI.html,0
25563,1639,1.7 oz Eau de Toilette Spray,Gucci By Gucci Pour Homme Sport,Gucci,1.7 oz,61,/gucci-by-gucci-pour-homme-sport-P259927,10188,"GUCCI GUILTY Perfumed Body Lotion, 1.6 oz / 50 ml (DLX Travel size)",Gucci,"$16.24",B004TU1ZG0.html,0
15788,1097,Urban 178,Dior Addict Lipstick,Dior,0.12 oz,33,/dior-addict-lipstick-P282501,5212,"Christian Dior J'adore Eau de Parfum Spray for Women, Vial, Mini,0.03 Ounce",Dior,"$2.96",B005FAO68C.html,0
47473,2981,,PHYTOSPECIFIC Ultra-Smoothing Shampoo,Phyto,5 oz,19,/phytospecific-ultra-smoothing-shampoo-P383047,12742,PhytoSpecific Cap'Energy Thinning Hair - Food Supplement,PHYTO,"$22.99",B0015GTFKE.html,0
44433,2491,1.6 oz Eau de Parfum Intense Spray,for her musc collection eau de parfum intense,Narciso Rodriguez,1.6 oz,98,/for-her-musc-collection-P270304,11241,Narciso Rodriguez in Color 3.3 Ozs Edp Spray for Her,Jubujub,"$72.81",B00BOJQ4C4.html,0
35187,1877,, JIMMY CHOO Perfumed Body Lotion ,JIMMY CHOO,5 oz,48,/jimmy-choo-perfumed-body-lotion-P380822,12973,"Jimmy Choo Exotic Eau de Toilette Spray for Women, 3.3 Ounce",Nicorobin,"$69.99",B00GX8ACN8.html,0
20661,1289,,PORE MEDIC Pore Purifying Mask,Dr. Jart+,5 single-use masks/ 0.88 oz each,29,/pore-medic-pore-purifying-mask-P385322,14996,Dr. Jart+ Pore Medic Pore Purifying Mask,Dr. Jart,"$32.99",B00N5D9IP2.html,1
11368,704,3.3 oz Eau de Toilette Spray,Eau De Cartier Zeste De Soleil,Cartier,3.3 oz,93,/eau-de-cartier-zeste-de-soleil-P384527,10436,Panthere Eau Legere FOR WOMEN by Cartier - 1.6 oz EDT Spray,Cartier,"$218.00",B00BOJLACI.html,0
9055,390,,Black Lash Primer,Blinc,0.16 oz,26,/black-lash-primer-P388523,7877,Blinc by Blinc Heated Lash Curler --- ( Package Of 5 ),Blinc,"$189.28",B00GBEBY36.html,0
54484,3648,0.3 oz Eau de Toilette Spray,Versace Man Eau Fraîche Travel Spray,Versace,0.3 oz,21,/eau-fraiche-P390005,3453,Pear Glace By Victoria's Secret Ultra-Moisturizing Hand and Body Cream 6.7 Oz,Versace,"$16.20",B001O8WCQW.html,0
17911,1143,0.25 oz Eau de Toilette Spray,Dolce Spray,Dolce & Gabbana,0.25 oz,29,/dolce-rollerball-P386297,5720,Dolce &amp; Gabbana Rose The One Perfumed Body Lotion 3.3 oz,Dolce & Gabbana,"$12.99",B0083WIM9S.html,0
50125,3160,,Benefiance NutriPerfect Night Cream,Shiseido,1.7 oz,94,/benefiance-nutriperfect-night-cream-P202935,12923,Shiseido Benefiance WrinkleResist24 Intensive Eye Contour Cream - 15ml/0.51oz,Shiseido,"$56.93",B0087DTWCY.html,0
34912,1872,3.3 oz Eau de Toilette Spray,Jimmy Choo Exotic,JIMMY CHOO,3.3 oz,88,/jimmy-choo-exotic-P382748,2335,Jimmy Choo by Jimmy Choo Eau De Parfum Spray 3.4 oz for Women,Jimmy Choo,"$46.50",B005MN2VB6.html,0
7755,274,Black,bareMinerals Flawless Definition Volumizing Mascara,bareMinerals,0.33 oz,18,/bareminerals-flawless-definition-volumizing-mascara-P267701,10345,bareMinerals Marvelous Moxie Lipstick (Get Ready),Bare Escentuals,"$18.89",B00CFTL8N2.html,0
44991,2628,Pink Prism,Lip Tar Test Tubes x 3 Set,Obsessive Compulsive Cosmetics,0.08 oz x 3,19,/lip-tar-test-tubes-x-3-set-P387202,8499,OBSESSIVE COMPULSIVE COSMETICS Metallic Lip Tar - Black Metal Dahlia,OCC,"$25.47",B00L10V5IE.html,0
163,3,3.4 oz Eau de Cologne Concentr&#233;e ,Colonia Oud,Acqua Di Parma,3.4 oz,210,/colonia-intensa-oud-P377678,1974,Acqua di Parma Colonia Intensa Deodorant Stick,Acqua Di Parma,"$36.29",B002WA6WT4.html,0
6927,262,Golden Gate,bareMinerals Blush,bareMinerals,0.03 oz,19,/bareminerals-blush-P61009,2946,Bare Escentuals by Bare Escentuals BareMinerals Pure Transformation Night Treatment - Tan --4.2g/0.15oz (Package of 4),Bare Escentuals,"$362.50",B00HLR8SJK.html,0
13937,1008,N Light,BB Gel Mattifying Anti-Blemish Treatment,COVER FX,1.0 oz,45,/bb-gel-mattifying-anti-blemish-treatment-P386245,6611,COVER FX BB Gel Mattifying Anti-Blemish Treatment - G Deep,Cover FX,"$45.00",B00KM609NA.html,1
39109,1937,,Juicy Couture Scrub,Juicy Couture,10 oz,45,/juicy-couture-scrub-P380534,1084,Juicy Crittoure - Coif Fur Moisturizing Conditioner - 8 oz,Juicy Couture,"$7.21",B00G8FRA2C.html,0
15971,1098,1.7 oz Eau de Parfum Spray,Miss Dior Eau de Parfum,Dior,1.7 oz,90,/miss-dior-eau-de-parfum-P133401,5118,"Christian Dior Diorskin Nude Luminous Rose Loose Powder 001 for Women, 0.42 Ounce",Christian Dior,"$52.67",B00BJ0P1B8.html,0
45255,2661,,Truth Revealed™ Vitamin C Super Crème SPF 15,Ole Henriksen,1.7 oz,55,/truth-revealed-vitamin-c-super-creme-spf-15-P268015,2107,"Ole Henriksen Truth Creme Advanced Hydration, 1.7 Fluid Ounce",Ole Henriksen,"$50.54",B007K6A1YC.html,0
19849,1220,,Xtend Your Youth Dual Fusion Water,Dr. Brandt Skincare,6.7 oz,32,/xtend-your-youth-dual-fusion-water-P383055,8612,Dr. Jart Water Fuse Water-Max Sleeping Mask 50ml/1.75oz,Dr. Jart,"$44.45",B00CG9P8I2.html,0
30112,1801,3.3 oz Eau de Parfum Spray,I LOVE NEW YORK For Her with Silver Necklace,I LOVE NEW YORK by Bond No. 9,3.3 oz,255,/i-love-new-york-for-her-with-silver-necklace-P378127,11344,"Maybelline New York Volum' Express Falsies Flared Washable Mascara, Very Black 287, 0.31-fluid Ounce",Maybelline,"$5.99",B004Y9M740.html,0
35687,1896,1.7 oz,100 percent Pure Argan Oil Light ,Josie Maran,1.7 oz,48,/100-pure-argan-oil-light-P380805,10131,Josie Maran Argan Natural Volume Lip Gloss in Happy,Josie Maran,"$15.00",B00KC3AA78.html,0
17930,1143,0.25 oz Eau de Toilette Spray,Dolce Spray,Dolce & Gabbana,0.25 oz,29,/dolce-rollerball-P386297,7922,Dolce Mia Wild West Terra Verbena Natural Liquid Soap with Olive Oil 12 Oz. Pump,Dolce Mia Designs,"$15.25",B001GCBWNU.html,0
12469,926,4.2 oz Pump,Dramatically Different Moisturizing Gel,CLINIQUE,4.2 oz Pump,26,/dramatically-different-moisturizing-gel-P122900,5707,Clinique Dramatically Different Moisturizing Lotion+ 4.2 oz,Clinique,"$30.99",B000RTPT8M.html,0
5660,231,0.25 oz Eau de Toilette Travel Spray,Orange Sanguine Cologne Absolue Travel Spray,Atelier Cologne,0.25 oz,25,/orange-sanguine-cologne-absolue-travel-spray-P379039,16196,Atelier Cologne Orange Sanguine Cologne Absolue Spray For Women 100Ml/3.3Oz,Atelier Cologne,"$101.22",B00KW3Y3IA.html,0
1169,25,After Shave Balm,Colonia Intensa After Shave Balm,Acqua Di Parma,3.4 oz,76,/colonia-intensa-after-shave-balm-P306826,16014,Acqua di Parma Colonia Intensa Eau De Cologne Spray - Colonia Intensa - 100ml/3.4oz,Acqua Di Parma,"$114.35",B005IA00S4.html,0
43038,2367,0.24 oz Eau de Toilette Rollerball,Daisy,Marc Jacobs Fragrance,0.24 oz,24,/daisy-rollerball-P377464,9515,Marc Jacobs Daisy EDT Eau So Fresh Women Vial Spray 0.04 oz/1.2 Ml,MARC JACOBS,"$4.90",B00JS9F20W.html,0
23541,1606,Beige Mousseline 02,Le Vernis Intense Color Nail Lacquer,Givenchy,0.3 oz,20,/le-vernis-intense-color-nail-lacquer-P378157,4882,Ange Ou Demon Le Secret By Givenchy For Women Eau De Parfum Spray 3.3 Oz,Givenchy,"$56.90",B002XITZJY.html,0
35395,1892,1.7 oz Eau de Toilette Spray,John Varvatos Star U.S.A,John Varvatos,1.7 oz,55,/john-varvatos-star-u-s-a-P295825,12124,John Varvatos Vintage Cologne 2.5 oz EDT Spray,John Varvatos,"$115.00",B00664JBJ0.html,0
4666,151,Dark Brown,DIPBROW™ Pomade,Anastasia Beverly Hills,0.14 oz,18,/dipbrow-pomade-P384060,506,Dipbrow Pomade - Taupe,Anastasia,"$18.00",B00LNK0QW8.html,0
42161,2260,0.33 oz Eau de Parfum Rollerball,Vanilla Grapefruit Fragrance,LAVANILA,0.33 oz,19,/vanilla-grapefruit-rollerball-P377516,2941,LAVANILA The Healthy Fragrance - Pure Vanilla 1fl oz,Lavanila,"$42.00",B003ZYII3O.html,0
34142,1822,2.5 oz Eau de Toilette Spray,L'Eau D'Issey Pour Homme Intense,Issey Miyake,2.5 oz,64,/l-eau-d-issey-pour-homme-intense-P197134,14374,L'Eau d'Issey Pour Homme Total Face Care - 50ml/1.7oz,Issey Miyake,"$23.99",B002OD36QQ.html,0
5752,233,0.25 oz Eau de Toilette Travel Spray,Vanille Insensée Cologne Absolue Travel Spray,Atelier Cologne,0.25 oz,25,/vanille-insens-e-cologne-absolue-travel-spray-P379083,16772,Atelier Cologne Gold Leather Cologne Absolue Spray 100ml/3.3oz,Atelier Cologne,"$175.55",B00JUIF7WY.html,0
4699,152,Blonde,Tinted Brow Gel,Anastasia Beverly Hills,0.32 oz,22,/tinted-brow-gel-P187202,17001,Anastasia Beverly Hills Brow Enhancing Serum Advanced 0.06 oz.,Anastasia,"$65.00",B00J4EZ3XC.html,0
40862,2132,1.7 oz Eau de Toilette Spray,Daisy,Marc Jacobs Fragrance,1.7 oz,76,/daisy-P191858,8101,Marc Jacobs Daisy by Marc Jacobs 3.4oz 100ml EDT Spray,MARC JACOBS,"$52.99",B0012RV5UO.html,0
2547,63,,Multi-Perfecting Pore Corrector Gel Moisturizer,Algenist,2 oz,65,/multi-perfecting-pore-corrector-gel-moisturizer-P377370,13535,"Algenist Multi-Perfecting Detoxifying Exfoliator Women, 2.7 Ounce",Algenist,"$34.52",B00AW8E41G.html,0
45412,2731,,Incredible Spreadable™ Smoothing Ginger Body Scrub,Origins,6.7 oz,30,/incredible-spreadable-trade-smoothing-ginger-body-scrub-P375838,8772,"Origins Ginger Up Aromatic Conditioner, 6.7 fl oz",Origins,"$16.30",B004N9YC9Y.html,0
10097,635,Lambada,Buxom Color Choreography™ Eyeshadow,Buxom,5 x 0.052 oz,36,/buxom-color-choreography-eyeshadow-P311500,15334,Buxom Full-On Lip Polish Lip Plumping Gloss SOPHIA (sweetheart pink) .07 oz,Buxom,"$10.99",B00JD0DI5C.html,0
17608,1132,1.6 oz Eau de Parfum Spray,Dolce,Dolce & Gabbana,1.6 oz,90,/dolce-P385301,1792,Dolce &amp; Gabbana PASSIONEYES DUO MASCARA mini,Dolce & Gabbana,"$9.99",B00IHA4CMM.html,0
9315,511,,Pink Peppermint Blotting Linens,boscia,100 sheets,10,/pink-peppermint-blotting-linens-P376216,3364,"Boscia Green Tea Blotting Linens, 100 Count",boscia,"$19.79",B000UXX2D4.html,0
5543,228,1 oz Eau de Parfum Spray,Vanille Insensée Cologne Absolue,Atelier Cologne,1 oz,75,/vanille-insensee-cologne-absolue-P375819,1243,Atelier Cologne Grand Neroli Cologne Absolue Spray For Women 100Ml/3.3Oz,Atelier Cologne,"$101.22",B00KW3Y1CI.html,0
54769,3664,,Flowerbomb Hair Mist,Viktor & Rolf,1 oz,45,/flowerbomb-mist-P377803,3117,Flowerbomb Viktor &amp; Rolf .05 oz / 1.5 ml edp Spray Vial Sampler,Viktor & Rolf,"$2.49",B00BOJ9VPG.html,0
54563,3649,Deodorant Stick,Pour Homme Deodorant,Versace,2.5 oz,24,/pour-homme-deordorant-P306870,15243,Versace Pour Homme By Gianni Versace For Men. Eau De Toilette Spray 1.7 Oz.,Versace,"$32.11",B001PTFWF8.html,0
9086,443,Black Ink,Long-Wear Gel Eyeliner,Bobbi Brown,0.1 oz,24,/long-wear-gel-eyeliner-P270539,4352,"Bobbi Brown Long-Wear Gel Eyeliner, shade=Steel Ink",Bobbi Brown,"$23.00",B00DCUMS3C.html,0
46576,2886,,FIRMx Growth Factor Extreme Neuropeptide Serum,Peter Thomas Roth,1 oz,150,/firmx-growth-factor-extreme-neuropeptide-serum-P257103,7873,Peter Thomas Roth by Peter Thomas Roth Instant FirmX Eye --30ml/1oz ( Package Of 3 ),Peter Thomas Roth,"$174.72",B00GBEAV7Q.html,0
7880,275,The High Dive,bareMinerals READY™ Bronzer,bareMinerals,0.3 oz,24,/bareminerals-ready-bronzer-P307009,9976,"Bareminerals Ready Bronzer Make-Up, The High Dive, 0.21 Ounce",Bare Escentuals,"$13.95",B007FAP1CK.html,1
1330,28,4.2 oz Eau de Toilette Spray,Acqua Nobile Magnolia,Acqua Di Parma,4.2 oz,174,/acqua-nobile-magnolia-P378876,2078,"Acqua Di Parma Assoluta Cologne Spray, 3.4 Ounce",Acqua Di Parma,"$108.80",B000I0U5LG.html,0
9909,632,Indulgence,Buxom True Hue™ Blush,Buxom,0.17 oz,24,/buxom-true-hue-blush-P305403,12587,Buxom Buxom&reg; Big &amp; Healthy&trade; Lip Polish Clair 0.15 oz,Buxom,"$29.00",B001QWCCCU.html,0
9512,535,,Brazilian True Tan™ ,Brazilian Peel,6 oz,39,/brazilian-true-tan-P378195,2320,Epicuren Brazilian Propolis Lotion (2 oz),Epicuren,"$45.22",B000ULBCIS.html,0
30733,1803,1.7 oz Eau de Parfum Spray,I LOVE NEW YORK for Her,I LOVE NEW YORK by Bond No. 9,1.7 oz,105,/i-love-new-york-for-her-P378064,11332,"Maybelline New York Illegal Length Fiber Extensions Washable Mascara, Brownish Black, 0.22 Fluid Ounce",Maybelline,"$3.97",B006UET9QQ.html,0
22634,1546,1.7 oz Eau de Toilette Spray,Armani Code Sport,Giorgio Armani,1.7 oz,65,/armani-code-sport-P294019,11959,Giorgio Armani Eyes To Kill Lash Stretching Mascara - # 01 Black 6.9ml/0.23oz,GIORGIO ARMANI,"$32.00",B00JRRO0WQ.html,0
54509,3648,0.3 oz Eau de Toilette Spray,Versace Man Eau Fraîche Travel Spray,Versace,0.3 oz,21,/eau-fraiche-P390005,9547,VERSACE VERSUS 1.7 EDT SP FOR WOMEN NEW,Nandansons (DROPSHIP),"$44.75",B00BOJOKZM.html,0
8456,288,,bareMinerals Prime Time™ Foundation Primer - Oil Control,bareMinerals,1 oz,24,/bareminerals-prime-time-foundation-primer-oil-control-P312112,17066,bareMinerals Prime Time BB Primer-Cream Spf 30 (Medium),Bare Escentuals,"$22.93",B00IJJP39W.html,0
39526,1940,2.5 oz Eau de Toilette Spray,Couture La La Malibu,Juicy Couture,2.5 oz,72,/couture-la-la-malibu-P385165,1084,Juicy Crittoure - Coif Fur Moisturizing Conditioner - 8 oz,Juicy Couture,"$7.21",B00G8FRA2C.html,0
55926,3744,3.3 oz Eau de Toilette Spray,L'Homme - Edition Art,Yves Saint Laurent,3.3 oz,85,/l-homme-edition-art-P386705,7107,"Yves Saint Laurent L'homme Sport Eau de Toilette Spray for Men, 3.3 Ounce",Yves Saint Laurent,"$55.99",B00JXMWCOS.html,0
50048,3154,,White Lucent Brightening Cleansing Foam,Shiseido,4.7 oz,35,/white-lucent-brightening-cleansing-foam-P173660,9534,Shiseido Benefiance Extra Creamy Cleansing Foam,Shiseido,"$32.34",B004OUVK4W.html,0
3531,100,,CAVIAR Anti-Aging® Omega+ Nourishing Hair Oil,ALTERNA,1.7 oz,38,/caviar-anti-aging-omega-nourishing-hair-oil-P384770,391,"Alterna Caviar Anti-Aging Brightening Blonde Shampoo for Unisex, 8.5 Ounce",Alterna,"$19.58",B007R8TJLE.html,0
31956,1807,,I LOVE NEW YORK for All Body Wash,I LOVE NEW YORK by Bond No. 9,6.8 oz,50,/i-love-new-york-for-all-body-wash-P380644,7864,Kenneth Cole Black Vintage 3.4 Fl. oz. Eau De Toilette Spray Men by Kenneth Cole,Kenneth Cole New York,"$30.95",B003U8QN7S.html,0
84,2,2.5 oz Eau de Toilette Spray,Blu Mediterraneo Mandorlo Di Sicilia,Acqua Di Parma,2.5 oz,98,/blu-mediterraneo-mandorlo-di-sicilia-P307803,7076,Acqua Di Parma Colonia After Shave Balm 100ml/3.4oz,Acqua Di Parma,"$67.40",B00G6KZOFE.html,0
20496,1274,Light/Medium,CC Essence Balm,Dr. Jart+,0.42 oz,42,/cc-essence-balm-P378192,16919,"Dr. Dennis Gross Skincare CC Cream SPF 18, Light to Medium, 1 fl. oz.",Dr. Dennis Gross Skincare,"$30.00",B00AW691P2.html,0
48477,2998,1.7 oz Eau de Parfum Spray,Amber Pour Homme Intense,Prada,1.7 oz,62,/amber-pour-homme-intense-P285129,9432,PRADA AMBER For Women By PRADA Eau De Parfum Spray 2.7 Oz,Prada,"$75.19",B000E7YJSI.html,0
38332,1930,1.7 oz Eau de Parfum ,Couture La La,Juicy Couture,1.7 oz,72,/couture-la-la-P377557,14420,Entity One Color Couture Gel Polish - Boyfriend Jacket - 0.5oz / 15ml,Entity,"$11.15",B00HX4KUCY.html,0
50332,3184,,Sun Protection Eye Cream Broad Spectrum SPF 34 Sunscreen,Shiseido,0.6 oz,35.5,/sun-protection-eye-cream-broad-spectrum-spf-34-sunscreen-P384788,8153,Shiseido Sun Protection Compact Foundation (Refill) SPF 34 PA+++ SP20 (Refill),Shiseido,"$45.22",B00I6DSR1C.html,0
10376,647,Body Lotion,Eau Parfumee Green Tea Body Lotion,Bvlgari,6.7 oz,52,/eau-parfumee-green-tea-body-lotion-P306831,13130,"Bvlgari Eau Parfumee au the blanc Body Lotion, 2.5 oz",Bvlgari,"$12.00",B0033DPIGW.html,0
43507,2384,0.17 oz Eau de Parfum Rollerball,PARFUM D'EXTASE Mini Rollerball,MARCHESA,0.17 oz,10,/parfum-d-extase-mini-rollerball-P379038,13930,MARCHESA PARFUM D'EXTASE Mini Rollerball 0.17 oz Eau de Parfum Rollerball Fragrance for Women,Tayongpo,"$15.00",B00CEX6GP4.html,1
26418,1648,3 oz Eau de Toilette Spray,Gucci Guilty Studs Pour Homme,Gucci,3 oz,88,/gucci-guilty-studs-pour-homme-P385161,4699,Gucci Flora By Gucci Perfumed Body Lotion For Women 200Ml/6.7Oz,Gucci,"$29.50",B00375WWZG.html,0
8449,288,,bareMinerals Prime Time™ Foundation Primer - Oil Control,bareMinerals,1 oz,24,/bareminerals-prime-time-foundation-primer-oil-control-P312112,16340,"bareMinerals Purely Nourishing Moisturizer, .17 oz / 5 ml DLX Travel Size",Bare Escentuals,"$3.99",B004R7L6WI.html,0
14418,1075,Pink,Dior Addict Lip Glow,Dior,0.12 oz,33,/dior-addict-lip-glow-P236816,4998,"Christian Dior 5 Couleurs Couture Colour Eyeshadow for Women, No. 454, Royal Kaki, 0.21 Ounce",Christian Dior,"$50.11",B006W7P7ZI.html,0
47957,2990,,Pink Sugar Roll On Shimmer Perfume,Pink Sugar,1.7 oz,18,/pink-sugar-bath-body-collection-P380958,13928,Sugar Glider on Pink Bobby Pins Barrettes Hair Styling Clips,Graphics and More,"$5.99",B00KDQLL40.html,0
52260,3417,,Amazonian Clay BB Illuminating Moisturizer,tarte,1.7 oz,32,/amazonian-clay-bb-lluminating-moisturizer-P278604,826,tarte Amazonian Eyeshadow Quad Brewed Awakening,Tarte,"$24.99",B008PFC5BY.html,0
29424,1799,3.3 oz Eau de Parfum Spray,I LOVE NEW YORK for All Limited Edition with Necklace and Black Heart,I LOVE NEW YORK by Bond No. 9,3.3 oz,255,/i-love-new-york-for-all-with-necklace-black-heart-P378197,16594,Soap &amp; Glory Love At First Blush,Soap & Glory,"$23.75",B006L68JHS.html,0
878,17,2.5 oz Eau de Toilette Spray,Blu Mediterraneo Ginepro di Sardegna ,Acqua Di Parma,2.5 oz,98,/blu-mediterraneo-ginepro-di-sardegna-P386169,4383,Acqua Di Parma Blu Mediterraneo Ginepro Di Sardegna Eau De Toilette Spray For Women 75Ml/2.5Oz,Acqua Di Parma,"$90.98",B00LCWDTAI.html,1
18678,1199,,glow by dr. brandt™ revitalizing retinol eye cream,Dr. Brandt Skincare,0.5 oz,55,/glow-by-dr-brandt-revitalizing-retinol-eye-cream-P377124,1411,Dr. Dennis Gross Skincare Original Formula Alpha Beta 60 Count JAR,Dr. Dennis Gross Skincare,"$99.99",B003H87S0C.html,0
34208,1823,0.25 oz  Eau de Toilette Rollerball,L'Eau d'Issey Florale,Issey Miyake,0.25 oz ,26,/l-eau-d-issey-florale-rollerball-P377481,15489,L'eau D'issey (issey Miyake) by Issey Miyake for Men - EDT Spray,Issey Miyake,"$34.82",B0009OAHVO.html,0
35094,1876,3.3 oz Eau de Toilette Spray,JIMMY CHOO,JIMMY CHOO,3.3 oz,88,/jimmy-choo-P378882,6250,Jimmy Choo EDP Spray (Unboxed),Jimmy Choo,"$58.79",B00NI3V9DI.html,0
20342,1257,,Alpha Beta®  Smoothing Body Towel,Dr. Dennis Gross Skincare,8 Treatments,36,/alpha-beta-smoothing-body-towel-P375410,12433,"Dr. Dennis Gross Skincare Alpha Beta Glow Pad for Body, 8 Count",Dr. Dennis Gross Skincare,"$38.44",B00FB10U8K.html,1
19780,1209,,pores no more® pore effect refining cream,Dr. Brandt Skincare,1.7 oz,55,/pores-no-more-pore-effect-refining-cream-P9527,8551,Dr.Jart+ Pore Medic Pore Minish Primer 30ml,Dr. Jart,"$36.95",B00L1TCY9E.html,0
3939,111,,Bamboo Luminous Shine Mist,ALTERNA,4 oz,24,/bamboo-luminous-shine-mist-P285154,12262,ALTERNA Bamboo Smooth(R) Try Me Trio Kit,Alterna,"$19.29",B0096M5VAM.html,0
46238,2841,,Hyalo Plasma,Perricone MD,1 oz,135,/hyalo-plasma-P388974,13609,"Perricone MD Cold Plasma Sub-D 1 fl. oz / 30 ml, NEW!",Perricone MD,"$82.00",B00EARF0BS.html,0
6475,255,Clearly Medium,bareMinerals Blemish Remedy Acne-Clearing Foundation,bareMinerals,0.21 oz,27,/bareminerals-blemish-ready-P388677,13515,Bare Escentuals BareMinerals SPF 15 Foundation Medium Beige 8 g,Bare Escentuals,"$24.97",B0036E43YG.html,0
17051,1121,Medium Beige 30,Diorskin Nude Compact,Dior,0.35 oz,50,/diorskin-nude-compact-P379047,1306,"Christian Dior Diorskin Forever Flawless Perfection Fusion Wear Makeup Spf 25, 1 Ounce",Christian Dior,"$44.10",B005TOXCWA.html,0
22592,1546,1.7 oz Eau de Toilette Spray,Armani Code Sport,Giorgio Armani,1.7 oz,65,/armani-code-sport-P294019,8060,Giorgio Armani Maestro Liquid Eye Liner - # 1 Black - 1.6g/0.056oz,GIORGIO ARMANI,"$34.00",B004EHTYO8.html,0
15671,1095,Darling 775 ,Rouge Dior Couture Colour Voluptuous Care Lipstick,Dior,0.12 oz,35,/rouge-dior-couture-colour-voluptuous-care-lipstick-P382449,13264,Dior Addict By Christian Dior For Women. Eau Fraiche Eau De Toilette Spray 3.4 Ounces,Dior,"$70.00",B000GHYS9Q.html,0
6234,252,Body Lotion,Balenciaga Paris Body Lotion,BALENCIAGA,6.7 oz,52,/balenciaga-paris-bath-body-collection-P373101,14893,Balenciaga L'Eau Rose Eau De Toilette Spray 75ml/2.5oz,Balenciaga L'Eau Rose Eau De Toilette Spray 75ml/2.5oz,"$167.16",B00JRRKSUY.html,0
7700,274,Black,bareMinerals Flawless Definition Volumizing Mascara,bareMinerals,0.33 oz,18,/bareminerals-flawless-definition-volumizing-mascara-P267701,1867,bareMinerals READYTM Bronzer - The Deep End,Bare Escentuals,"$13.97",B007FAP1WU.html,0
34857,1871,2 oz Eau de Parfum Spray,JIMMY CHOO  ,JIMMY CHOO,2 oz,78,/jimmy-choo-P304901,5730,Jimmy Choo Shimmering Perfumed Body Powder 0.35 oz,Jimmy Choo,"$24.99",B00CIDBM1I.html,0
55091,3675,Deep,Untinted Self Tan Lotion For Body,Vita Liberata,6.76 oz,37.5,/warm-untinted-self-tan-lotion-for-body-P379477,152,Vita Liberata pHenomenal Fair Tan Mousse-4.23 oz,Vita Liberata,"$44.90",B00DPISCQS.html,0
17937,1143,0.25 oz Eau de Toilette Spray,Dolce Spray,Dolce & Gabbana,0.25 oz,29,/dolce-rollerball-P386297,8061,Dolce &amp; Gabbana Lip Gloss Ultrashine #139 Pink Sapphire For Her,Dolce & Gabbana,"$43.00",B0069D4S3C.html,0
42490,2308,0 Neutral,HD Microperfecting Primer,MAKE UP FOR EVER,1.01 oz,34,/hd-microperfecting-primer-P217906,1755,MAKE UP FOR EVER HD Invisible Cover Foundation 140 Soft Beige 1.01 oz,Make Up For Ever,"$41.00",B001D0F5ZG.html,0
30172,1802,1.7 oz Eau de Parfum Spray,I LOVE NEW YORK for Him,I LOVE NEW YORK by Bond No. 9,1.7 oz,105,/i-love-new-york-for-him-P378065,3285,Bond No. 9 I Love New York For Earth Day Eau De Parfum Spray For Women 100Ml/3.3Oz,Bond No. 9,"$176.50",B00DP3D416.html,0
34348,1826,,L'Eau d'Issey Pour Homme Deodorant,Issey Miyake,2.5 oz,28,/l-eau-d-issey-pour-homme-deodorant-P380588,7863,L'eau D'issey Pour Homme Intense by Issey Miyake For Men. Eau De Toilette Spray 2.5-Ounces,Issey Miyake,"$34.90",B001FWXHI4.html,0
14265,1071,1.7 oz Eau de Parfum Spray,Diane Eau de Parfum,Diane von Furstenberg,1.7 oz,85,/diane-eau-de-parfum-P296235,9113,TATIANA by Diane von Furstenberg Eau De Parfum Spray 1.5 oz for Women,Diane von Furstenberg,"$15.00",B00021X5ZY.html,1
34301,1825,4.2 oz Eau de Toilette Spray,L'Eau D'Issey Pour Homme Summer,Issey Miyake,4.2 oz,66,/l-eau-d-issey-pour-homme-summer-P386451,10994,"Issey Miyake L'Eau D'Issey Summer Eau De Toilette Spray for Men, 4.2 Ounce",Issey Miyake,"$51.48",B003873I4W.html,1
24429,1626,1 oz Eau de Toilette Spray,Flora By Gucci Eau de Toilette,Gucci,1 oz,55,/flora-by-gucci-eau-de-toilette-P237121,9394,Gucci Pour Homme Ii By Gucci For Men. Eau De Toilette Spray 3.3 Oz.,Gucci,"$44.75",B000VOPH1C.html,0
53570,3493,Hand Cream,Latte Da Mano Florence Hand Milk,Tocca Beauty,8 oz,20,/latte-da-mano-florence-hand-milk-P390204,1062,Tocca Crema da Mano-Stella-2 oz.,Tocca,"$8.00",B002CN8W8U.html,0
34063,1821,1.6 oz Eau de Toilette Spray,L'Eau d'Issey Pour Homme Sport,Issey Miyake,1.6 oz,64,/l-eau-d-issey-pour-homme-sport-P308501,10078,Issey Miyake L'Eau D'Issey Set (Eau de Toilette Spray and Shower Gel and Toiletry Bag),Issey Miyake,"$57.94",B0083SVZ3C.html,0
25215,1635,,Gucci By Gucci Pour Homme Deodorant,Gucci,2.4 oz,29,/gucci-by-gucci-pour-homme-deodorant-P306845,16448,Gucci Made To Measure By Gucci Edt Spray For Men 1.6 Oz,Gucci,"$41.00",B00F4JIE9Q.html,0
44716,2583,,Moss & Mint Candle,NEST ,8.1 oz,34,/moss-mint-candle-P382346,9835,Nest Fragrances Moss &amp; Mint Body &amp; Soul Spray-3.38 oz.,NEST Fragrances,"$48.00",B009WVISVG.html,0
34624,1861,1.7 oz Eau de Toilette Spray,CLASSIQUE Eau de Toilette,Jean Paul Gaultier,1.7 oz,70,/classique-eau-de-toilette-P6321,12934,"Jean Paul Gaultier Classique X Collection by Jean Paul Gaultier Eau De Toilette Spray for Women, 3.3 Ounce",Jean Paul Gaultier,"$53.90",B003897R1A.html,0
52322,3421,Light ,Colored Clay CC Primer,tarte,0.51 oz,34,/colored-clay-cc-primer-P384569,15639,Tarte BB Tinted Treatment 12-Hour Primer Broad Spectrum SPF 30 Sunscreen Light 1 oz,Kodiake,"$36.40",B00FU6U5S6.html,0
29260,1799,3.3 oz Eau de Parfum Spray,I LOVE NEW YORK for All Limited Edition with Necklace and Black Heart,I LOVE NEW YORK by Bond No. 9,3.3 oz,255,/i-love-new-york-for-all-with-necklace-black-heart-P378197,8366,Bond No. 9 I Love New York For Fathers By Bond No. 9 Eau De Parfum Spray 3.4 Oz SIZE ONE,FRAGRANCE NET,"$153.21",B00HBYZRWO.html,0
21715,1451,,QUENCH - Cuticle Oil,Formula X,0.4 oz,14,/quench-cuticle-oil-P382981,9102,Quench - Cuticle Oil Formula X for Sephora 0.4 Oz,Formula X For Sephora,"$28.25",B00G2B2766.html,1
2652,76,8.5 oz,CAVIAR Anti-Aging® Replenishing Moisture Shampoo,ALTERNA,8.5 oz,32,/caviar-anti-aging-replenishing-moisture-shampoo-P269705,10072,Alterna Caviar Anti Aging Replenishing Moisture Masque 500ml,Alterna,"$160.00",B00ESZFB3E.html,0
32587,1809,,I LOVE NEW YORK for Her Body Silk,I LOVE NEW YORK by Bond No. 9,6.8 oz,75,/i-love-new-york-for-her-body-silk-P380643,9957,"Maybelline New York Expert Wear Eyeshadow Duos, Pink Suede 35d, 0.08 Ounce",Maybelline,"$3.77",B0046VIGIC.html,0
16359,1104,Lucky 536,Dior Addict Extreme Lipstick,Dior,0.12 oz,33,/dior-addict-extreme-lipstick-P305700,3699,"Hydra Life Pro-Youth Protective Creme SPF 15 by Christian Dior, 1.7 Ounce",Christian Dior,"$40.90",B003BOLINK.html,0
34159,1823,0.25 oz  Eau de Toilette Rollerball,L'Eau d'Issey Florale,Issey Miyake,0.25 oz ,26,/l-eau-d-issey-florale-rollerball-P377481,4113,L'Eau D'Issey Gold Absolute By Issey Miyake Eau De Parfum Spray 1.6 oz For Women,Issey Miyake,"$35.00",B0062ZS7MK.html,0
26076,1643,Deodorant,Guilty Pour Homme Deodorant,Gucci,2.5 oz,29,/guilty-pour-homme-deodorant-P306846,12345,Gucci Guilty Shimmering Powder Brush 0.1 oz,Gucci,"$29.00",B00BVOACG6.html,0
324,5,1.7 oz Eau de Cologne Spray,Colonia Essenza,Acqua Di Parma,1.7 oz,102,/colonia-essenza-P269110,14973,Acqua Di Parma Colonia Intensa .07 oz / 2 ml Eau De Cologne Mini Spray,Acqua Di Parma,"$9.00",B002T1WK7O.html,0
49184,3038,,Polo Black Deodorant Body Spray,Ralph Lauren,6 oz,20,/polo-black-deodorant-body-spray-P380598,14652,"Ralph Lauren Polo Big Pony Eau de Toilette Spray for Women, No.2 Pink, 3.4 Fluid Ounce",RALPH LAUREN,"$66.99",B007Q1LCVM.html,0
24360,1625,3.3 oz Eau de Toilette Spray,Pour Homme II,Gucci,3.3 oz,80,/pour-homme-ii-P180726,8202,GUCCI POUR HOMME Men Mini Perfume Eau de Toilette .17oz,Gucci,"$19.00",B000KGTQCC.html,0
470,9,5 oz Eau de Toilette Spray,Blu Mediterraneo Arancia Di Capri,Acqua Di Parma,5 oz,144,/blu-mediterraneo-arancia-di-capri-P375388,12216,ESSENZA Deodorant stick 75 ml,Acqua Di Parma,"$34.16",B00F9HAM5W.html,0
51687,3374,2.4 oz,Everyday Sunscreen Broad Spectrum SPF 50,Supergoop!,2.4 oz,19,/everyday-sunscreen-broad-spectrum-spf-50-P386194,13675,Supergoop! Sun-Defying Sunscreen Oil Broad Spectrum SPF 50 (30ml) *SEALED*,Supergoop,"$22.95",B00KECBQV6.html,0
52290,3420,Medium-Tan,Colored Clay CC Undereye Corrector,tarte,0.08 oz,24,/colored-clay-cc-undereye-corrector-P387175,13103,Tarte Rainforest After Dark Colored Clay Eye &amp; Cheek Palette *Limited Edition*,Tarte,"$57.50",B00LLSGQT4.html,0
12974,962,,A Black Honey Affair,CLINIQUE,0.41 oz,36,/a-black-honey-affair-P389101,6643,4 Clinique &amp; Estee Lauder Lipstick Chubby Stick Raspberry Glace Sugar Honey Crystal Pink Voluptuous Violet Lot,Estee Lauder & Clinique,"$22.95",B00MXJF8L2.html,0
43344,2376,Gel,Daisy Dream Uplifting Shower Gel,Marc Jacobs Fragrance,5 oz,40,/daisy-dream-uplifting-shower-gel-P387566,4741,Marc Jacobs Daisy Body Lotion 5.1 Oz,MARC JACOBS,"$31.36",B004GBM1K6.html,0
18372,1190,3.4 oz Eau de Parfum Spray,Liquid Cashmere,Donna Karan,3.4 oz,105,/liquid-cashmere-P388645,1437,"Donna Karan Cashmere Mist Body Lotion for Women, 6.7 Ounce",Donna Karan,"$42.00",B001AMWZ5U.html,0
31048,1804,1.7 oz Eau de Parfum Spray,I LOVE NEW YORK for Earth Day,I LOVE NEW YORK by Bond No. 9,1.7 oz,105,/i-love-new-york-for-earth-day-P378069,11492,New York Color Sun N Bronzing Powder #711 (Rooftop Party # 711),N.Y.C.,"$6.99",B00BXK7LQM.html,0
15010,1088,754 Pandore,Dior Addict Fluid Stick,Dior,0.18 oz,35,/dior-addict-fluid-stick-P386291,7759,Dior 5 Couleurs Couture Colours &amp; Effects Eyeshadow 156 Femme Fleur,Dior,"$75.99",B00MVSLM0Q.html,0
1799,36,,Blu Mediterraneo Arancia Di Capri Body Lotion,Acqua Di Parma,6.7 oz,73,/P307800,14898,Acqua Di Gioia Body Lotion 150ml/5oz,GIORGIO ARMANI,"$60.59",B007342HDE.html,0
22014,1531,0.34 oz  Eau de Parfum Rollerball,Acqua di Gioia,Giorgio Armani,0.34 oz ,21,/acqua-di-gioia-rollerball-P377446,9673,Armani Armani Acqua Di Gio Homme Hair And Body Shampoo,GIORGIO ARMANI,"$31.00",B000E0JSY0.html,0
21807,1465,,The X Look,Formula X,4 x 0.13 oz,25,/the-x-look-P389136,2197,New! Lot 4 x Bi-Facil Double-Action Eye Makeup Remover 1.7 oz / 50ml,LANCÔME,"$23.98",B00MQBZVWS.html,0
20414,1262,1.5 oz,Black Label Detox BB Beauty Balm,Dr. Jart+,1.5 oz,36,/black-label-detox-bb-beauty-balm-P374568,9983,Dr. Jart Black Label Detox O2 Cleansing Foam 100Ml/3.5Oz,Dr. Jart,"$26.50",B00CQNUJ4G.html,0
18603,1198,,glow by dr. brandt™ overnight resurfacing serum,Dr. Brandt Skincare,1.7 oz,85,/glow-by-dr-brandt-overnight-resurfacing-serum-P302937,8712,"Dr. Dennis Gross Skincare Age Erase Moisture with Mega 10 Plus, 1.7 fl. oz.",Dr. Dennis Gross Skincare,"$51.17",B0058YK7L0.html,0
51394,3307,5 oz,One Night Only Instant Glow Body Lotion,St. Tropez Tanning Essentials,5 oz,18,/one-night-only-instant-glow-body-lotion-P306600,8504,"Hamptons Glow Tan, Tone &amp; TightenTM Self Tanning Creme",Hamptons Glow,"$34.00",B00M0Z508U.html,0
9126,453,Shadow ,Long Wear Cream Shadow Stick,Bobbi Brown,0.05 oz,28,/long-wear-cream-shadow-stick-P378145,9858,Exclusive Make Up Product By Bobbi Brown Foundation Stick - #1 Warm Ivory 9g/0.31oz,Bobbi Brown,"$59.99",B0083KAKSG.html,0
35202,1877,, JIMMY CHOO Perfumed Body Lotion ,JIMMY CHOO,5 oz,48,/jimmy-choo-perfumed-body-lotion-P380822,15977,Jimmy Choo By Jimmy Choo Mini Edp .15 Oz For Women,Jimmy Choo,"$12.16",B006PK4SM0.html,0
42854,2357,Midnight In Paris,Enamored Hi-Shine Nail Lacquer - Collector's Edition,Marc Jacobs Beauty,0.43 oz,24,/enamored-hi-shine-nail-lacquer-collectors-edition-P388961,9066,Enamored Hi-shine Nail Lacquer Marc Jacobs Beauty 0.43 Oz Fluorescent Beige - Iridescent Light Mauve Pink | NEW,Roomidea,"$28.90",B00EKS1OMG.html,1
43941,2429,,Acne Spot Fast Fix,Murad,0.5 oz,16,/acne-spot-fast-fix-P385326,1024,Murad Acne Treatment Concealer 0.09 oz Light,Murad,"$28.79",B0045LCKQC.html,0
18178,1172,Deodorant,Light Blue Pour Homme Deodorant,Dolce & Gabbana,2.4 oz,27,/light-blue-pour-homme-deodorant-P306859,1767,"Dolce &amp; Gabbana Eau de Toilettes Spray, Light Blue, 3.4 Fluid Ounce",Dolce & Gabbana,"$55.57",B004TMOVFU.html,0
24348,1624,1 oz Eau de Parfum Spray,Flora by Gucci Eau de Parfum,Gucci,1 oz,64,/flora-by-gucci-eau-de-parfum-P257520,16519,Gucci Guilty Body Lotion 1.6 Oz,Gucci,"$18.45",B00KD8JJPG.html,0
5981,241,3.3 oz Pure Perfume Spray,Ambre Nue Cologne Absolue,Atelier Cologne,3.3 oz,140,/ambre-nue-cologne-absolue-P375822,16198,Atelier Cologne Mistral Patchouli Cologne Absolue Spray For Men 200Ml/6.7Oz,Atelier Cologne,"$180.38",B00KW3ZK0K.html,0
13562,986,3.4 oz Eau de Parfum Spray,Comme Des Garcons 2,COMME DES GARCONS,3.4 oz,131,/comme-des-garcons-2-P390634,10894,Clarins Eau des Jardins Treatment Fragrance Spray 100ml/3.4oz,Clarins,"$51.50",B00CFK2GYQ.html,0
40878,2132,1.7 oz Eau de Toilette Spray,Daisy,Marc Jacobs Fragrance,1.7 oz,76,/daisy-P191858,13733,Marc Jacobs Daisy 0.24 oz Eau de Toilette Rollerball,MARC JACOBS,"$20.99",B002GN6JCW.html,0
30387,1802,1.7 oz Eau de Parfum Spray,I LOVE NEW YORK for Him,I LOVE NEW YORK by Bond No. 9,1.7 oz,105,/i-love-new-york-for-him-P378065,5749,"Maybelline New York Line Stylist-Carded, Black Sparkle, 0.0010 Ounce",Maybelline,"$6.15",B000T5MGBC.html,0
303,5,1.7 oz Eau de Cologne Spray,Colonia Essenza,Acqua Di Parma,1.7 oz,102,/colonia-essenza-P269110,1869,Acqua Di Parma Acqua Di Parma Colonia Bath and Body Collection Talcum Powder 3.5 oz,Acqua Di Parma,"$50.00",B000BHTI9G.html,0
37005,1916,,Argan Cleansing Treatment + Cloth,Josie Maran,3 oz,48,/argan-cleansing-treatment-cloth-P377569,3376,Josie Maran - Argan Luscious Lips,Josie Maran,"$15.95",B008NUVEJU.html,0
34784,1869,1.6 oz Eau de Toilette Spray,CLASSIQUE X,Jean Paul Gaultier,1.6 oz,70,/classique-x-P254303,10240,JEAN PAUL GAULTIER CLASSIQUE Perfume. BODY LOTION 6.7 oz / 200 ml By Jean Paul Gaultier - Womens,Jean Paul Gaultier,"$43.99",B004X2OVD8.html,0
29008,1798,1.7 oz Eau de Parfum Spray,I LOVE NEW YORK for All,I LOVE NEW YORK by Bond No. 9,1.7 oz,105,/i-love-new-york-for-all-P378066,2520,Victoria's Secret Love Spell bloom - Fragrance mist 8.4 oz. Limited Edition!,Victoria's Secret,"$12.00",B00IIIGOL0.html,0
54427,3645,1.7 oz Eau de Parfum Spray,Bright Crystal Absolu,Versace,1.7 oz,84,/bright-crystal-absolu-P385465,14890,VERSACE BRIGHT CRYSTAL by Gianni Versace EDT SPRAY 3 OZ,Versace,"$51.79",B0022UW72U.html,0
31326,1805,1.7 oz Eau de Parfum Spray,I LOVE NEW YORK for Marriage Equality,I LOVE NEW YORK by Bond No. 9,1.7 oz,105,/i-love-new-york-for-marriage-equality-P378070,6960,Dauphines of New York Band of Gold - Labradorite,Dauphines of New York,"$106.00",B00HB5ADQI.html,0
23591,1610,3.4 oz Eau de Toilette Spray,Envy Me,Gucci,3.4 oz,92,/envy-me-P90001,12231,Aubrey Synthetic Human Hair Blend Wig by Envy,Gucci,"$497.25",B005KYI4F4.html,0
24746,1630,0.25 oz Eau de Parfum Spray,Première by GUCCI Travel Spray,Gucci,0.25 oz,29,/premiere-by-gucci-travel-spray-P384796,5403,"Lot of 10 Designer Fragrances Samples for Women Vial Set Dolce Gabbana Light Blue, Gucci, Versace, Burberry, Chloe, Marc Jacobs, Prada, Ralph Lauren",Versace,"$32.99",B00MSH82CG.html,0
23583,1610,3.4 oz Eau de Toilette Spray,Envy Me,Gucci,3.4 oz,92,/envy-me-P90001,9092,Envy Wi,Gucci,"$230.00",B00N7R9W9S.html,0
20285,1247,, All-In-One Cleansing Foam,Dr. Dennis Gross Skincare,5 oz,36,/all-in-one-cleansing-foam-P280605,9983,Dr. Jart Black Label Detox O2 Cleansing Foam 100Ml/3.5Oz,Dr. Jart,"$26.50",B00CQNUJ4G.html,0
50336,3184,,Sun Protection Eye Cream Broad Spectrum SPF 34 Sunscreen,Shiseido,0.6 oz,35.5,/sun-protection-eye-cream-broad-spectrum-spf-34-sunscreen-P384788,12289,Shiseido Zen Sun Eau De Toilette Spray 100ml/3.3oz,Zen,"$66.99",B00BT058CK.html,0
14956,1088,754 Pandore,Dior Addict Fluid Stick,Dior,0.18 oz,35,/dior-addict-fluid-stick-P386291,4995,"Christian Dior 5 Couleurs Couture Colour Eyeshadow for Women, No. 834, Rose Porcelaine, 0.21 Ounce",Christian Dior,"$52.12",B006W7P7QC.html,0
36315,1905,Light 1,Argan Creamy Concealer Crayon,Josie Maran,0.1 oz,20,/argan-creamy-concealer-crayon-P381727,8846,Josie Maran Argan Oil Moisturizing Stick 0.55 oz,Josie Maran,"$36.73",B002LBE796.html,0
17950,1143,0.25 oz Eau de Toilette Spray,Dolce Spray,Dolce & Gabbana,0.25 oz,29,/dolce-rollerball-P386297,8112,Dolce &amp; Gabbana By Dolce &amp; Gabbana For Men. Eau De Toilette Spray 4.2 Ounce,Dolce & Gabbana,"$41.69",B0009OAHIM.html,0
14088,1047,,Photodynamic Therapy Age Spot Eraser & Skin Brightener,DERMAdoctor,1 oz,60,/photodynamic-therapy-age-spot-eraser-skin-brightener-P384601,9929,DERMAdoctor KP Duty dermatologist formulated AHA moisturizing therapy for dry skin,DERMAdoctor,"$29.99",B0000ZREXQ.html,0
29797,1800,3.3 oz Eau de Parfum Spray,I LOVE NEW YORK for All Limited Edition with Necklace and Silver Heart,I LOVE NEW YORK by Bond No. 9,3.3 oz,255,/i-love-new-york-for-her-with-silver-necklace-P378196,11324,"Maybelline New York Volume' Express The Rocket Waterproof Mascara, Brownish Black, 0.3 Fluid Ounce",Maybelline,"$5.94",B00AQ9SNWW.html,0
49299,3045,4.2 oz Eau de Toilette Spray,Polo Red White & Blue,Ralph Lauren,4.2 oz,74,/polo-red-white-blue-P269112,14652,"Ralph Lauren Polo Big Pony Eau de Toilette Spray for Women, No.2 Pink, 3.4 Fluid Ounce",RALPH LAUREN,"$66.99",B007Q1LCVM.html,0
49337,3048,0.34 oz Eau de Toilette Rollerball,Big Pony Women's Collection #1,Ralph Lauren,0.34 oz,19,/big-pony-women-s-collection-1-rollerball-P377450,3116,"Polo Big Pony No. 2 by Ralph Lauren for Men, Eau de Toilette Spray, 4.2 Ounce",RALPH LAUREN,"$55.99",B003XNEVV0.html,0
8236,284,Black,bareMinerals Flawless Definition Mascara,bareMinerals,0.33 oz,18,/bareminerals-flawless-definition-mascara-P242120,3161,Bare Escentuals bareMinerals Naturally Luminous Moisturizing Trio ($80 Value),Bare Escentuals,"$69.99",B006OSMHP8.html,0
25292,1637,Perfumed Body Lotion,Flora By Gucci Perfumed Body Lotion,Gucci,6.7 oz,51,/flora-by-gucci-perfumed-body-lotion-P306837,10618,Gucci Made To Measure All Over Shampoo 150ml/5oz,GUCCI MADE TO MEASURE,"$41.61",B00JRRRWQW.html,0
46035,2807,,Hypoallergenic Firming Eye Cream,Perricone MD,0.5 oz,65,/hypoallergenic-firming-eye-cream-P294204,16346,"Perricone MD Hypoallergenic Nourishing Moisturizer, 2 fl. oz.",Perricone MD,"$72.50",B005GOP7A8.html,0
16610,1111,1.7 oz Eau de Toilette Spray,Dior Homme Eau For Men,Dior,1.7 oz,62,/dior-homme-eau-for-men-P388511,5010,Christian Dior Rouge Dior Couture Colour Voluptuous Care - # 988 Rialto - 3.5g/0.12oz,Christian Dior,"$35.11",B00IZYTBRQ.html,0
45500,2755,2.5 oz,Pronto Dry Shampoo,Oscar Blandi,2.5 oz,21,/pronto-dry-shampoo-P254307,1574,"Oscar Blandi Pronto Colore Hair Highlighting Pen, Reddish Brown, 0.1 Ounce",Oscar Blandi,"$23.00",B001HUXMZM.html,0
54510,3648,0.3 oz Eau de Toilette Spray,Versace Man Eau Fraîche Travel Spray,Versace,0.3 oz,21,/eau-fraiche-P390005,9906,WEN SIX THIRTEEN by Chaz Dean Daily Cleansing Treatment Six Thirteen 16 oz 613,Versace,"$19.95",B00IM863A8.html,0
33357,1812,,I LOVE NEW YORK for Her Body Wash,I LOVE NEW YORK by Bond No. 9,6.8 oz,50,/i-love-new-york-for-her-body-wash-P380642,1569,Sui Love By Anna Sui For Women Edt Spray 2.5 Oz,Anna Sui,"$34.85",B000XE5AT4.html,0
18080,1149,,Light Blue Cream,Dolce & Gabbana,6.7 oz,51,/light-blue-cream-P380592,11436,D &amp; G LIGHT BLUE by Dolce &amp; Gabbana EDT SPRAY .8 OZ,D&G,"$40.74",B000W8CYRC.html,0
52510,3441,1.4 oz Eau de Toilette Refillable Spray,Angel Eau de Toilette,Thierry Mugler,1.4 oz,68,/angel-eau-de-toilette-P296215,13545,Angel Innocent By Thierry Mugler for Women 2 X .35 Oz Refillable Powder Brush,Thierry Mugler,"$49.95",B001AZHOIA.html,0
7414,269,Faux Tan,bareMinerals All-Over Face Color,bareMinerals,0.05 oz,19,/P158509,1600,Bare Escentuals Bareminerals - Buxom Big &amp; Healthy Lip Polish - Kanani,Bare Escentuals,"$29.00",B007RYGZOW.html,0
3742,105,,Bamboo UV+ Color Protection Vibrant Color Shampoo,ALTERNA,8.5 oz,22,/bamboo-uv-color-protection-vibrant-color-shampoo-P292507,3547,Alterna Bamboo Beach Sun Recovery Spray,Alterna,"$11.10",B00CC0K3EO.html,0
7339,268,Blushing Pink,bareMinerals 5 in 1 BB Advanced Performance Cream Eyeshadow,bareMinerals,0.1 oz,18,/bareminerals-5-in-1-bb-advanced-performance-cream-eyeshadow-P388020,7186,bareMinerals Well-Rested CC Eye Primer,Bare Escentuals,"$18.50",B00MV6V5QO.html,0
47390,2962,,PHYTOSPECIFIC Ultra-Repair Night Treatment,Phyto,2.5 oz,38,/phytospecific-ultra-repair-night-treatment-P387614,3190,PhytoSpecific Intense Nutrition Mask (Ultra Dry Hair),PHYTO,"$18.99",B001I80J68.html,0
55607,3714,1 High Density Black,MASCARA VOLUME EFFET FAUX CILS - Luxurious Mascara,Yves Saint Laurent,0.2 oz,30,/mascara-volume-effet-faux-cils-luxurious-mascara-P218400,6925,Yves Saint Laurent EYELINER EFFET FAUX CILS SHOCKING - Bold Felt-Tip Eyeliner Pen 01 Black 0.04 oz,Manufacturer,"$45.50",B005X6KMB8.html,0
37102,1917,,Argan Hot Oil Self-Heating Hair Treatment,Josie Maran,5 x 0.34 oz,36,/argan-hot-oil-self-heating-hair-treatment-P375107,9780,Josie Maran Argan Beautiful Eyes Beautiful Nudes 0.39 oz,Josie Maran,"$34.00",B005CU78VC.html,0
28199,1723,1.7 oz Eau de Parfum Spray,HiM by Hanae Mori,Hanae Mori,1.7 oz,78,/him-by-hanae-mori-P379813,5076,"Hanae Mori Him EDP Spray for Men, 3.4 Ounce",Hanae Mori,"$43.72",B00BMRZZ8M.html,0
43619,2397,1 oz Eau de Parfum Spray,Michael Kors,Michael Kors,1 oz,60,/michael-kors-P9008,10281,Michael Kors Gold Luxe Edition Eau De Parfum Spray For Women 100Ml/3.4Oz,Michael Kors,"$122.47",B00NLFOWUU.html,0
21753,1465,,The X Look,Formula X,4 x 0.13 oz,25,/the-x-look-P389136,7395,Sephora VIB Rouge Formula X Loves Rouge Candy Apple Red Nail Color Polish,Sephora,"$4.09",B00KSNM0F2.html,0
30774,1803,1.7 oz Eau de Parfum Spray,I LOVE NEW YORK for Her,I LOVE NEW YORK by Bond No. 9,1.7 oz,105,/i-love-new-york-for-her-P378064,16730,"Maybelline New York Clean Express Waterproof Eye Makeup Remover, 4 Fluid Ounce",Maybelline,"$4.11",B00B9FU21M.html,0
23224,1567,1.7 oz Eau de Toilette Spray,Very Irrésistible Givenchy,Givenchy,1.7 oz,71,/very-irresistible-givenchy-P45600,12808,PI by Givenchy EDT .17 OZ MINI,Givenchy,"$8.70",B000B641GW.html,0
35389,1892,1.7 oz Eau de Toilette Spray,John Varvatos Star U.S.A,John Varvatos,1.7 oz,55,/john-varvatos-star-u-s-a-P295825,10312,John Varvatos Even Tone Skin Cream 75ml 2.5oz,John Varvatos,"$72.00",B007J6JJ28.html,0
51165,3258,,Photo Finish More Than Primer Dark Spot Correcting,Smashbox,1 oz,42,/photo-finish-more-than-primer-dark-spot-correcting-P375253,15648,Smashbox Cosmetics Smashbox Cosmetics Photo Finish Color Correcting Primer - Adjust,Smashbox,"$34.87",B005DKJRTC.html,0
15580,1095,Darling 775 ,Rouge Dior Couture Colour Voluptuous Care Lipstick,Dior,0.12 oz,35,/rouge-dior-couture-colour-voluptuous-care-lipstick-P382449,5081,"Christian Dior Diorskin Forever Wear Extending Invisible Retouch Powder SPF 8, No. 001 Transparent Light, 0.42 Ounce",Kenzo,"$46.90",B004VDW0KK.html,0
32736,1810,3.3 oz Eau de Parfum Spray,I LOVE NEW YORK FOR HOLIDAYS ,I LOVE NEW YORK by Bond No. 9,3.3 oz,175,/i-love-new-york-for-holidays-P384316,1579,Jurlique Love Balm-0.5 oz.,Jurlique,"$7.69",B002USRB5W.html,0
2298,43,,Colonia - Collezione Barbiere Gel,Acqua Di Parma,5 oz,45,/colonia-collezione-barbiere-gel-P380530,1974,Acqua di Parma Colonia Intensa Deodorant Stick,Acqua Di Parma,"$36.29",B002WA6WT4.html,0
49167,3037,Deodorizing Body Spray ,Big Pony #3 Deodorizing Body Spray,Ralph Lauren,6 oz,18,/big-pony-3-deodorizing-body-spray-P306809,16317,"The Big Pony Collection 3 by Ralph Lauren for Men Eau De Toilette Spray, 2.5 Ounce",RALPH LAUREN,"$33.99",B003XCZEOY.html,0
37690,1924,1.7 oz Eau de Parfum Spray,Juicy Couture,Juicy Couture,1.7 oz,72,/juicy-couture-P168940,6668,"Juicy Couture Viva la Juicy Noir Eau de Parfum Rollerball Duo, .33 oz",Juicy Couture,"$29.90",B00E5DQ03Y.html,0
36892,1914,,Model Citizen 100% Pure Argan Oil,Josie Maran,1.7 oz,48,/model-citizen-100-pure-argan-oil-P385500,13802,Josie Maran Argan Creamy Concealer Crayon Light 1 0.1 oz,Josie Maran,"$23.95",B00E2S00QA.html,0
40985,2148,1.3 oz Eau de Toilette Spray,Lacoste L!VE,Lacoste,1.3 oz,42,/lacoste-l-ve-P387601,16241,"Lacoste Eau De Lacoste L.12.12 Fragrance Collection for Men, 3 Count",Lacoste,"$53.77",B00841ZQLA.html,0
15175,1091,1.7 oz Eau de Toilette Spray,Miss Dior Blooming Bouquet,Dior,1.7 oz,75,/miss-dior-blooming-bouquet-P385477,5127,"Christian Dior Gentle Foaming Cleanser (Dry/Sensitive Skin) for Unisex, 4.5 Ounce",Christian Dior,"$22.65",B003ZYG6OM.html,0
39901,1951,,Julep Plié Wand™ Precision Brus,Julep,5 x replacement caps,12,/julep-plie-wand-precision-brush-5-pack-P386807,4865,Queen Helene Refreshing Natural Facial Scrub Mint Julep -- 6 oz,Queen Helene,"$5.59",B005P0W90Y.html,0
37368,1921,1.7 oz Eau de Parfum Spray,Viva La Juicy,Juicy Couture,1.7 oz,72,/viva-la-juicy-P219412,12550,Juicy Couture Viva La Juicy Rollerball &amp; Lip Gloss Duo,Juicy Couture,"$20.26",B009DCYVII.html,0
47446,2967,,Phytocitrus Color Protect Radiance Mask,Phyto,6.7 oz,39,/phytocitrus-color-protect-radiance-mask-P40518,7238,"Phytocitrus Restructuring Shampoo for Colored Hair, 6.7-Ounce",PHYTO,"$13.49",B000KQD470.html,0
8892,384,Black,Blinc Mascara,Blinc,0.21 oz,26,/blinc-mascara-P46017,1645,Blinc by Blinc Mascara - Black --6g/0.21oz,Blinc,"$27.44",B00GBEIUBK.html,1
32201,1808,1.7 oz Eau de Parfum Spray,I LOVE NEW YORK for Mothers,I LOVE NEW YORK by Bond No. 9,1.7 oz,105,/i-love-new-york-for-mothers-P378068,14654,Josie Maran Argan Love Your Lips Hydrating Lipstick Playful Pink 0.12 oz,Josie Maran,"$23.99",B00CJBRM7C.html,0
45290,2665,,Total Truth™ Vitamin C Eye Crème SPF 15,Ole Henriksen,0.5 oz,45,/total-truth-vitamin-c-eye-creme-spf-15-P291520,12072,Ole Henriksen Truth Serum Collagen Booster Potent Vitamin C Complex 7 ML / 0.25 FL OZ,Ole Henriksen,"$6.90",B005Y1B9ZK.html,0
2499,53,,Firming & Lifting Eye Gel,Algenist,0.5 oz,68,/firming-lifting-eye-gel-P304007,14715,"Algenist Firming &amp; Lifting Cream, 0.5 Oz/15ml",Algenist,"$18.99",B006X7ZGVM.html,0
17542,1130,1.7 oz Eau de Toilette Spray,Be Delicious Skin,DKNY,1.7 oz,60,/be-delicious-skin-P382926,11712,DKNY GOLDEN DELICIOUS by Donna Karan BODY LOTION 3.4 OZ (Package Of 4),DKNY,"$46.79",B00FL68QK4.html,0
33338,1812,,I LOVE NEW YORK for Her Body Wash,I LOVE NEW YORK by Bond No. 9,6.8 oz,50,/i-love-new-york-for-her-body-wash-P380642,15769,Bond No. 9 I Love New York For Marriage Equality Eau De Parfum Spray For Women 50Ml/1.7Oz,Bond No. 9,"$105.82",B00DP3CD22.html,0
41618,2199,Nude,Tinted Moisturizer Broad Spectrum SPF 20,Laura Mercier,1.7 oz,43,/tinted-moisturizer-broad-spectrum-P109936,11300,Laura Mercier Oil Free Tinted Moisturizer SPF 20 Almond 1.7 oz,laura mercier,"$43.00",B000RGDSYC.html,0
19031,1200,,Do Not Age with Dr. Brandt Transforming Pearl Serum,Dr. Brandt Skincare,1.35 oz,150,/do-not-age-with-dr-brandt-transforming-pearl-serum-P383054,16427,Dr. Jart+ Silver Label Rejuvenating Blemish Base BB Cream (Whitening) SPF35 PA++ 50ml,Dr. Jart,"$16.97",B006VDWCY2.html,0
26382,1647,,Flora By Gucci Garden - Tuberose,Gucci,1.7 oz,72,/flora-by-gucci-garden-tuberose-P308712,16099,Gucci Flora By Gucci Eau De Toilette Spray 2.5 Oz,Gucci,"$43.71",B002WSYIUG.html,0
3973,113,Clear,Brow Gel,Anastasia Beverly Hills,0.28 oz,22,/brow-gel-P69304,3858,Anastasia Beverly Hills Brow Wiz Ebony 0.003 oz,Voronajj,"$21.00",B00C8DE8FA.html,0
13868,1001,N10,Total Cover Cream Foundation,COVER FX,0.42 oz,42,/total-cover-cream-foundation-P376285,11867,MAKE UP FOR EVER HD Invisible Cover Foundation 115 Ivory 1.01 oz,Make Up For Ever,"$42.00",B001D0CWQG.html,0
17696,1132,1.6 oz Eau de Parfum Spray,Dolce,Dolce & Gabbana,1.6 oz,90,/dolce-P385301,8859,Elgon Dolce Permanent &amp; Ammonia Free Hair Coloring Cream - 5-light Brown,Elgon Dolce permanent & ammonia free hair coloring cream - 5-light brown,"$19.99",B00EWT123O.html,0
24404,1626,1 oz Eau de Toilette Spray,Flora By Gucci Eau de Toilette,Gucci,1 oz,55,/flora-by-gucci-eau-de-toilette-P237121,5403,"Lot of 10 Designer Fragrances Samples for Women Vial Set Dolce Gabbana Light Blue, Gucci, Versace, Burberry, Chloe, Marc Jacobs, Prada, Ralph Lauren",Versace,"$32.99",B00MSH82CG.html,0
16221,1103,973 Night Fantasy ,Dior Addict Gloss,Dior,0.21 oz,29.5,/dior-addict-gloss-P378387,6387,Christian Dior Diorskin Forever Compact Flawless Perfection Fusion Wear Makeup SPF 25 - #030 Medium Beige - 10g/0.35oz,Christian Dior,"$46.74",B005W464MW.html,0
35630,1895,Vanilla Apricot,Whipped Argan Oil Ultra-Hydrating Body Butter,Josie Maran,8 oz,35,/whipped-argan-oil-ultra-hydrating-body-butter-P287700,13802,Josie Maran Argan Creamy Concealer Crayon Light 1 0.1 oz,Josie Maran,"$23.95",B00E2S00QA.html,0
27221,1686,,Abeille Royale Dark Spot Corrector Pore Minimizer Serum,Guerlain,1 oz,145,/abeille-royale-dark-spot-corrector-pore-minimizer-serum-P385576,4950,"Guerlain Abeille Royale Intense Restoring Lift Nourishing Day Cream for Women, 1.6 Ounce",Guerlain,"$109.03",B0090YNQQM.html,0
37981,1927,0.33 oz Eau de Parfum Rollerball,Viva La Juicy Rollerball,Juicy Couture,0.33 oz,22,/viva-la-juicy-rollerball-P377519,14095,VIVA LA JUICY by Juicy Couture BODY CREAM 6.7 OZ,Juicy Couture,"$35.63",B00EXPWFGA.html,0
2865,82,,Caviar Repair RX Re-Texturizing Protein Cream,ALTERNA,5.1 oz,35,/caviar-repair-rx-re-texturizing-protein-cream-P377720,11386,"Caviar Anti-Aging Rapid Repair Hair Spray By Alterna for Unisex, 4 Ounce",Alterna,"$22.41",B0019X5N54.html,0
4772,155,Universal Light,Brow Pen - Long Wearing Brow Tint,Anastasia Beverly Hills,0.0367 oz,21,/brow-pen-long-wearing-brow-tint-P219410,4425,Anastasia Beverly Hills Brow Enhancing Serum Advanced 0.06 oz.,Anastasia,"$38.00",B006J60I0G.html,0
870,17,2.5 oz Eau de Toilette Spray,Blu Mediterraneo Ginepro di Sardegna ,Acqua Di Parma,2.5 oz,98,/blu-mediterraneo-ginepro-di-sardegna-P386169,2228,Acqua Di Parma Colonia Essenza Travel Spray Refills 2 x 30ml,Acqua Di Parma,"$108.47",B00B87M458.html,0
6487,255,Clearly Medium,bareMinerals Blemish Remedy Acne-Clearing Foundation,bareMinerals,0.21 oz,27,/bareminerals-blemish-ready-P388677,15816,bareMinerals Multi-Wrinkle Repair,Bare Escentuals,"$38.00",B00AGIK4J8.html,0
50034,3151,,Benefiance WrinkleResist24 Day Emulsion Broad Spectrum SPF 18,Shiseido,2.5 oz,53,/benefiance-wrinkleresist24-day-emulsion-broad-spectrum-spf-18-P173614,11458,"Shiseido Benefiance Wrinkle Resist 24 Night Emulsion for Unisex, 2.5 Ounce",Shiseido,"$57.99",B004P0JRP0.html,0
53734,3509,1.6 oz Eau de parfum Spray,Femme Fatale Collection - Arsenic No. 17 ,TokyoMilk Dark,1.6 oz,36,/femme-fatale-collection-arsenic-no-17-P311115,7123,TokyoMilk Dark Femme Fatale Collection - Everything &amp; Nothing No. 10 si,Tayongpo,"$49.95",B00BOJVPFA.html,0
27285,1694,01 Noir,Noir G de Guerlain Mascara Refill,Guerlain,0.22 oz,28,/noir-g-de-guerlain-mascara-refill-P303406,2934,Cartier Declaration Men Gift Set,Guerlain,"$78.85",B00CCYNYNM.html,0
35594,1895,Vanilla Apricot,Whipped Argan Oil Ultra-Hydrating Body Butter,Josie Maran,8 oz,35,/whipped-argan-oil-ultra-hydrating-body-butter-P287700,4883,Josie Maran Argan Matchmaker Serum Foundation Fair/ Light,Josie Maran,"$39.99",B0057ESQHS.html,0
9363,522,,Clear Complexion Blotting Linens,boscia,100 Sheets,10,/clear-complexion-blotting-linens-P381443,14455,BOSCIA Green Tea Blotting Linens - 25 Sheets,boscia,"$8.99",B00I8TAH1M.html,0
23155,1567,1.7 oz Eau de Toilette Spray,Very Irrésistible Givenchy,Givenchy,1.7 oz,71,/very-irresistible-givenchy-P45600,4629,Givenchy - Vaxin For Youth Vital Energy Infusion Mask - 75ml/2.6oz,Givenchy,"$74.00",B00JKEJN50.html,0
31837,1807,,I LOVE NEW YORK for All Body Wash,I LOVE NEW YORK by Bond No. 9,6.8 oz,50,/i-love-new-york-for-all-body-wash-P380644,6822,"Nicole Nail Polish, A Lit-Teal Bit of Love NI 382 0.5 fl oz (15 ml)",OPI,"$4.03",B0072TAPG6.html,0
45916,2797,Nude,Per-fekt Brow Perfection Gel,Perfekt,0.15 o z.,22,/per-fekt-brow-perfection-gel-P297002,15834,Perfekt Lip Perfection Gel Fountain 0.33 oz,Perfekt,"$24.00",B007UZ4CQ6.html,0
41993,2252,1.7 oz Eau de Parfum Spray,Vanilla Lavender Fragrance,LAVANILA,1.7 oz,58,/vanilla-lavender-fragrance-P231501,12938,"Lavanila The Healthy Fragrance, Vanilla Blackberry-1.69 oz.",Lavanila,"$58.00",B005IW7QW0.html,0
9773,591,,Thickening Creme Contour,Bumble and bumble,1.5 oz,28,/thickening-creme-contour-P378302,1649,BUMBLE AND BUMBLE by Bumble and Bumble THICKENING SERUM 1.7 OZ ( Package Of 4 ),Bumble and Bumble,"$168.22",B00GBEN326.html,0
52336,3422,Golden Beige,SmolderEYES™ Amazonian Clay Waterproof Liner,tarte,0.056 oz,22,/smoldereyes-amazonian-clay-waterproof-liner-P290630,11403,Tarte Be MATTEnificent Amazonian Colored Clay Matte Eye &amp; Cheek Palette,Tarte,"$154.90",B00HZULS4K.html,0
15073,1088,754 Pandore,Dior Addict Fluid Stick,Dior,0.18 oz,35,/dior-addict-fluid-stick-P386291,14421,"Christian Dior Addict Lip Glow Color Awakening Lip Balm SPF 10 Women, 0.12 Ounce",GUESS,"$35.99",B002789BAS.html,0
51218,3263,Layer Lash Primer,Layer Lash Primer,Smashbox,0.16 oz,19,/layer-lash-primer-P62715,13985,Smashbox Photo Finish Foundation Primer - Oil Free 1oz (30ml) Body Care / Beauty Care / Bodycare / BeautyCare,Beauty4U,"$46.00",B00DTQ15II.html,0
15952,1098,1.7 oz Eau de Parfum Spray,Miss Dior Eau de Parfum,Dior,1.7 oz,90,/miss-dior-eau-de-parfum-P133401,4995,"Christian Dior 5 Couleurs Couture Colour Eyeshadow for Women, No. 834, Rose Porcelaine, 0.21 Ounce",Christian Dior,"$52.12",B006W7P7QC.html,0
1791,36,,Blu Mediterraneo Arancia Di Capri Body Lotion,Acqua Di Parma,6.7 oz,73,/P307800,14201,BLU MEDITERRANEO ITALIAN RESORT facial mask 6 pcs,Acqua Di Parma,"$52.65",B002SPZ4B0.html,0
13214,969,1.7 oz Eau de Parfum Spray,Coach Love,COACH,1.7 oz,72,/coach-love-P377580,6558,"COACH Signature Eau De Toilette Spray for Women, 1.7 Ounce",Coach,"$45.63",B004W1YGC6.html,0
